-- MySQL dump 10.13  Distrib 5.1.49, for debian-linux-gnu (i686)
--
-- Host: localhost    Database: authlove_development
-- ------------------------------------------------------
-- Server version	5.1.49-1ubuntu8.1

/*!40101 SET @OLD_CHARACTER_SET_CLIENT=@@CHARACTER_SET_CLIENT */;
/*!40101 SET @OLD_CHARACTER_SET_RESULTS=@@CHARACTER_SET_RESULTS */;
/*!40101 SET @OLD_COLLATION_CONNECTION=@@COLLATION_CONNECTION */;
/*!40101 SET NAMES utf8 */;
/*!40103 SET @OLD_TIME_ZONE=@@TIME_ZONE */;
/*!40103 SET TIME_ZONE='+00:00' */;
/*!40014 SET @OLD_UNIQUE_CHECKS=@@UNIQUE_CHECKS, UNIQUE_CHECKS=0 */;
/*!40014 SET @OLD_FOREIGN_KEY_CHECKS=@@FOREIGN_KEY_CHECKS, FOREIGN_KEY_CHECKS=0 */;
/*!40101 SET @OLD_SQL_MODE=@@SQL_MODE, SQL_MODE='NO_AUTO_VALUE_ON_ZERO' */;
/*!40111 SET @OLD_SQL_NOTES=@@SQL_NOTES, SQL_NOTES=0 */;

--
-- Table structure for table `comments`
--

DROP TABLE IF EXISTS `comments`;
/*!40101 SET @saved_cs_client     = @@character_set_client */;
/*!40101 SET character_set_client = utf8 */;
CREATE TABLE `comments` (
  `id` int(11) NOT NULL AUTO_INCREMENT,
  `body` text COLLATE utf8_unicode_ci,
  `post_id` int(11) DEFAULT NULL,
  `created_at` datetime DEFAULT NULL,
  `updated_at` datetime DEFAULT NULL,
  `user_id` int(11) DEFAULT NULL,
  PRIMARY KEY (`id`)
) ENGINE=InnoDB AUTO_INCREMENT=175 DEFAULT CHARSET=utf8 COLLATE=utf8_unicode_ci;
/*!40101 SET character_set_client = @saved_cs_client */;

--
-- Dumping data for table `comments`
--

LOCK TABLES `comments` WRITE;
/*!40000 ALTER TABLE `comments` DISABLE KEYS */;
INSERT INTO `comments` VALUES (1,'You may ask, what kind of content do you expect me to submit here?\r\nQuit nicely, there is no such question here in HappyNews.\r\n\r\n - You can post a self-intro, if you feel like\r\n - post a question on Vim Git...\r\n - and anything you want\r\n\r\na example:\r\n\r\nHi peter, can you explain what does this code mean?\r\n\r\n```c\r\n#include <stdio.h>\r\n\r\nint main(int argc, const char *argv[])\r\n{\r\n    printf(\"hello everyone!\\n\");\r\n    return 0;\r\n} \r\n```\r\n\r\nNOTE: we use Markdown to format our text, check here\r\n\r\nhttp://www.happypeter.org/markdown',1,'2011-06-30 08:23:23','2011-06-30 08:23:23',1),(2,'Hi, man! It\'s really awesome that your site supports Markdown and code-highlight. I will come here often.',1,'2011-07-01 08:51:00','2011-07-01 09:30:21',3),(3,'Welcome, if you have some bug report or feature request, just submit.\r\nBut I won\'t promise I will implement it:-)',2,'2011-07-01 09:22:23','2011-07-01 09:22:23',1),(4,'Done! Thanks for this. This is the right thing to do.',3,'2011-07-01 10:06:58','2011-07-01 10:06:58',1),(5,'Hello,Peter.I\'m Navy Zhou(周海军)\r\nI want the same size with your T-shirt',4,'2011-07-04 00:40:33','2011-07-04 00:40:33',7),(6,'Hi peter, I\'m LiuZhenwei.\r\nXL Thanks. ^-^',4,'2011-07-04 01:03:59','2011-07-04 01:06:43',8),(7,'Hello Peter,I\'m BaiMing.\r\nL',4,'2011-07-04 01:07:26','2011-07-04 01:07:26',9),(8,'Hi peter,I\'m Dong Xitian \r\nsize : XL',4,'2011-07-04 01:13:13','2011-07-04 01:13:13',10),(9,'Hello Peter,I\'m ZhangXianyuan\r\nM Thanks!',4,'2011-07-04 01:14:39','2011-07-04 01:14:39',13),(10,'Hi Peter,I\'m Hu Shengjie\r\nXl\r\nsupport you！！！',4,'2011-07-04 01:17:09','2011-07-04 01:17:09',12),(11,'WOW，Can not believe it，this site is supported with Markdown. I like it,Happy Everyday，peter.\r\n-----------------羞涩的分割线-------------------------------------\r\n以上英文可能有语法错误o(︶︿︶)o唉，见谅，Peter，我是王迪远，以后有啥动态发我邮箱哈，86118@163.com',2,'2011-07-04 01:22:11','2011-07-04 01:22:11',11),(12,'还有中文的^-^',6,'2011-07-04 01:26:59','2011-07-04 01:26:59',12),(13,'我只是努力的推广英语，但同时肯定也要保证大家接触起来不太难，所以咱们这里是中英混合的',6,'2011-07-04 02:05:40','2011-07-04 02:05:40',1),(14,'大家好，欢迎大家。T-shirt will be ready soon, and I will call you guys then',4,'2011-07-04 02:08:27','2011-07-04 02:08:27',1),(15,'hi 迪远，\r\n\r\n当你注册之后，我就可以在\r\n\r\nhttp://www.happypeter.org/Andforce\r\n\r\n看到你的注册信息了，包括你的邮箱， 以后我可能会加上自动邮件提醒功能，如果用户开通这个功能就可以在网站又更新时收到邮件。\r\n\r\n',2,'2011-07-04 02:23:52','2011-07-04 02:23:52',1),(16,'是“滚雪球”而不是“滚学球”吧\r\n 另外 那些happyvim 的视频呢',6,'2011-07-04 04:42:43','2011-07-04 04:42:43',2),(17,'哈，改过来了，谢谢。以后我会把视频，都以帖子的形式发表，就像这个一样。\r\n如果你着急要，视频地址：\r\n\r\nhttp://media.happypeter.org/happycasts/',6,'2011-07-04 07:21:40','2011-07-04 07:21:40',1),(18,'亦欲邀君共餐，许否？',7,'2011-07-05 02:08:49','2011-07-05 02:08:49',8),(19,'钟鼓馔玉不足贵，但愿长醉不复醒。\r\n\r\n\r\ncall me when you have time, 13426083580',7,'2011-07-05 03:26:00','2011-07-05 03:26:00',1),(20,'I will keep a watchful eye on the new post in \"www.happypeter.org\"  ',7,'2011-07-05 04:51:02','2011-07-05 04:51:02',7),(21,'拜师学英语如何？？？',7,'2011-07-05 11:49:51','2011-07-05 11:49:51',14),(22,'haha, 学英语也好',7,'2011-07-05 13:51:23','2011-07-05 13:51:23',1),(23,'because 人品问题',8,'2011-07-06 01:57:03','2011-07-06 01:57:03',10),(24,'公司的网络被设置了限制，换源也不行，之前试过了，N多网站都显示不了，别提下载安装了。\r\nUbuntu在网络不流畅的情况下，黯然失色呀！',8,'2011-07-06 01:59:45','2011-07-06 01:59:45',11),(25,'^_^，如果是北京时间，那在美国发帖的老外会同样感觉不爽，所以这里用的是国际时间UTC，你google 一下就知道怎么换算成北京时间了。\r\n\r\n将来，我可能把时间改为：本帖发布于多长时间以前，像 http://news.ycombinator.com/newest 这样',9,'2011-07-06 06:59:32','2011-07-06 06:59:32',1),(26,'`apt-get` 失效是常有的事，一般的经验是：\r\n\r\n - 首先 `apt-get update`\r\n - 不成就换源\r\n\r\n试试我现在用的源，我刚敲了 `apt-get update`, 没出错\r\n我现在的  /etc/apt/sources.list:\r\n\r\n    # \r\n    # deb cdrom:[Ubuntu-Server 10.10 _Maverick Meerkat_ - Release i386 (20101007)]/ maverick main restricted\r\n\r\n    #deb cdrom:[Ubuntu-Server 10.10 _Maverick Meerkat_ - Release i386 (20101007)]/ maverick main restricted\r\n    # See http://help.ubuntu.com/community/UpgradeNotes for how to upgrade to\r\n    # newer versions of the distribution.\r\n\r\n    deb http://us.archive.ubuntu.com/ubuntu/ maverick main restricted\r\n    deb-src http://us.archive.ubuntu.com/ubuntu/ maverick main restricted\r\n\r\n    ## Major bug fix updates produced after the final release of the\r\n    ## distribution.\r\n    deb http://us.archive.ubuntu.com/ubuntu/ maverick-updates main restricted\r\n    deb-src http://us.archive.ubuntu.com/ubuntu/ maverick-updates main restricted\r\n\r\n    ## N.B. software from this repository is ENTIRELY UNSUPPORTED by the Ubuntu\r\n    ## team. Also, please note that software in universe WILL NOT receive any\r\n    ## review or updates from the Ubuntu security team.\r\n    deb http://us.archive.ubuntu.com/ubuntu/ maverick universe\r\n    deb-src http://us.archive.ubuntu.com/ubuntu/ maverick universe\r\n    deb http://us.archive.ubuntu.com/ubuntu/ maverick-updates universe\r\n    deb-src http://us.archive.ubuntu.com/ubuntu/ maverick-updates universe\r\n\r\n    ## N.B. software from this repository is ENTIRELY UNSUPPORTED by the Ubuntu \r\n    ## team, and may not be under a free licence. Please satisfy yourself as to \r\n    ## your rights to use the software. Also, please note that software in \r\n    ## multiverse WILL NOT receive any review or updates from the Ubuntu\r\n    ## security team.\r\n    deb http://us.archive.ubuntu.com/ubuntu/ maverick multiverse\r\n    deb-src http://us.archive.ubuntu.com/ubuntu/ maverick multiverse\r\n    deb http://us.archive.ubuntu.com/ubuntu/ maverick-updates multiverse\r\n    deb-src http://us.archive.ubuntu.com/ubuntu/ maverick-updates multiverse\r\n\r\n    ## Uncomment the following two lines to add software from the \'backports\'\r\n    ## repository.\r\n    ## N.B. software from this repository may not have been tested as\r\n    ## extensively as that contained in the main release, although it includes\r\n    ## newer versions of some applications which may provide useful features.\r\n    ## Also, please note that software in backports WILL NOT receive any review\r\n    ## or updates from the Ubuntu security team.\r\n    # deb http://us.archive.ubuntu.com/ubuntu/ maverick-backports main restricted universe multiverse\r\n    # deb-src http://us.archive.ubuntu.com/ubuntu/ maverick-backports main restricted universe multiverse\r\n\r\n    ## Uncomment the following two lines to add software from Canonical\'s\r\n    ## \'partner\' repository.\r\n    ## This software is not part of Ubuntu, but is offered by Canonical and the\r\n    ## respective vendors as a service to Ubuntu users.\r\n    # deb http://archive.canonical.com/ubuntu maverick partner\r\n    # deb-src http://archive.canonical.com/ubuntu maverick partner\r\n\r\n    ## Uncomment the following two lines to add software from Ubuntu\'s\r\n    ## \'extras\' repository.\r\n    ## This software is not part of Ubuntu, but is offered by third-party\r\n    ## developers who want to ship their latest software.\r\n    # deb http://extras.ubuntu.com/ubuntu maverick main\r\n    # deb-src http://extras.ubuntu.com/ubuntu maverick main\r\n\r\n    deb http://security.ubuntu.com/ubuntu maverick-security main restricted\r\n    deb-src http://security.ubuntu.com/ubuntu maverick-security main restricted\r\n    deb http://security.ubuntu.com/ubuntu maverick-security universe\r\n    deb-src http://security.ubuntu.com/ubuntu maverick-security universe\r\n    deb http://security.ubuntu.com/ubuntu maverick-security multiverse\r\n    deb-src http://security.ubuntu.com/ubuntu maverick-security multiverse\r\n',8,'2011-07-06 07:20:26','2011-07-06 07:20:26',1),(27,'>解析“archive.canonical.com:http”时，出现了某些故障(-5 - 没有与主机名关联的地址)\r\n\r\n这样的错误，明显是网络问题。要么是\r\n\r\n - 你们公司的防火强把这个地址给blacklist了\r\n - 网络上临时堵车\r\n - 那个网站临时挂掉\r\n\r\n不过，在我这 archive.canonical.com 是可以上的\r\n\r\n `:http` 代表80端口，只要你可以在firefox打开这个地址，就证明80端口是通的。',8,'2011-07-06 07:38:08','2011-07-06 07:41:01',1),(28,'T-shirts on their way, plz wait...\r\n',4,'2011-07-06 07:45:32','2011-07-06 07:45:32',1),(29,'应该能确定是公司的防火墙把这个地址给拉黑了。换了源以后果真还不好使。。。\r\n我想安装解压zip的工具包，除了apt-get以外，怎么安装还方便点？',8,'2011-07-07 00:56:08','2011-07-07 00:56:08',8),(30,'If you could not use __apt-get__ to install package automatically, so the easier way is to download a Debian package of the software that you needed. Then run the following command in the terminal to install the package:\r\n\r\n    dpkg -i packagename.deb\r\n\r\nIf there is no Debian package of the software, the last resort you can only use is to download a source code tarball, then uncompress the package, configure, compile and install it manually.\r\n\r\n    tar -jxf packagename.tar.bz2 (tar -zxf packagename.tar.gz)\r\n    ./configure\r\n    make\r\n    make install',8,'2011-07-07 12:57:47','2011-07-07 13:45:42',3),(31,'到这个网址下载安装就好了：\r\nhttp://packages.ubuntu.com/maverick/i386/unzip/download\r\n\r\n注意： \r\n\r\n - `maverick` 是10.10的codename,你可以用`lsb_release -c` 这个命令查看你自己的系统版本，不一样的话要替换\r\n - 再看一下你的操作系统是不是64位的（注意是软件系统不是硬件平台，64位的机器上也能装32位系统），用`uname -a` 如果看见输出中有`64`字样的话，就把`i386`替换成`amd64`\r\n\r\n',8,'2011-07-07 13:22:24','2011-07-07 13:26:02',1),(32,'明白，哈哈',9,'2011-07-08 01:23:44','2011-07-08 01:23:44',11),(33,'Thank you very much! I see.',8,'2011-07-08 03:54:02','2011-07-08 03:54:02',8),(34,'我周一去给42期上课，t-shirt 估计周一周二的就能好\r\n',11,'2011-07-08 08:47:18','2011-07-08 08:47:18',1),(35,'有衣服穿了',11,'2011-07-08 12:40:01','2011-07-08 12:40:01',7),(36,'very humorous ! want to follow you  ,learn with you ,talk with you ,Worship you for the teacher.And I will try my best to  do it  !\r\n',7,'2011-07-08 13:44:44','2011-07-08 13:44:44',17),(37,'>it\'s me zhaodsh\r\n\r\nwelcome!\r\n\r\n>the site is very cool. so I decide to make one , but have other styles.....\r\n\r\nwill you do it in PHP? I highly recommend Ruby on Rails.\r\n\r\n>may I write some blogs on this ?\r\n\r\nit will be really nice if you can write some blog entry and share your coding experience with guys here. Thanks :)\r\n',12,'2011-07-08 14:30:20','2011-07-08 14:30:20',1),(38,'\r\n    To follow the path:\r\n    look to the master,\r\n    follow the master,\r\n    walk with the master,\r\n    see through the master,\r\n    become the master.\r\n\r\n--[how to become a hacker](http://www.catb.org/~esr/faqs/hacker-howto.html)',7,'2011-07-08 14:43:13','2011-07-08 14:43:13',1),(39,'haaa, obviously',14,'2011-07-08 15:15:55','2011-07-08 15:15:55',1),(40,'Just now, I was trying to understand what a _hard link_ really is?\r\n\r\nI googled \"hard link\", the first match is [this wikipedia page](http://en.wikipedia.org/wiki/Hard_link). I love wikipedia, but I need to say this very page is bullshit, quite difficult being too technical and misleading.\r\n\r\nwhile when I tried to google \"hardlink linfo\", I got this [page](http://www.linfo.org/hard_link.html), which is easy to understand, comfortable to read, having really practical use, and ... sorry I\'ve said too much, you can judge by yourself:-P\r\n',15,'2011-07-08 15:39:22','2011-07-08 15:41:28',1),(41,'whether the site can be put on github for free if I want to make one?',12,'2011-07-08 23:41:28','2011-07-08 23:41:28',5),(42,'@ymqqqqdx:\r\n\r\nYes, you can, and check this:\r\n\r\nhttp://www.happypeter.org/posts/16',12,'2011-07-09 03:23:18','2011-07-09 03:23:18',1),(43,'If I use Github whether means I were unable to use CGI? If so how can I add comments like this?',16,'2011-07-09 05:16:35','2011-07-09 05:16:35',5),(44,'I have a advice that whether you can send a mail to the user whose topic is replied to the regist email address.Lots of the phones nowadays can receive email at real time.',16,'2011-07-09 05:27:41','2011-07-09 05:27:41',5),(45,'I can have a try ',16,'2011-07-09 11:49:54','2011-07-09 11:49:54',7),(46,'>If I use Github whether means I were unable to use CGI? If so how can I add comments like this?\r\n\r\nNo, you can not run CGI with github pages. you can not write stuff throw your browser. [Static is static](http://en.wikipedia.org/wiki/Static_web_page).\r\n\r\nIf you want to have comments, you have to register another web service to work with github-pages, say http://disqus.com/, as what I am using here: http://happypeter.github.com/\r\n\r\n>I have a advice that whether you can send a mail to the user whose topic is replied to the regist email address.Lots of the phones nowadays can receive email at real time.\r\n\r\nThat\'s a good idea, and I know that can be done, I just need to figure out how _Ruby on Rails Action Mailer_  and __sendmail__ work. It takes some time to implement the code, since I won\'t be free for next a few weeks. \r\n\r\nWhen you have time, check the code https://github.com/happypeter/auth-love, if you are interested , you can implement this feature by yourself:)\r\n',16,'2011-07-09 12:41:46','2011-07-09 12:41:46',1),(47,'>NO.3 a SF page\r\n\r\nif you use a sf page, you can run CGI, like the search box here:\r\n\r\nhttp://happypeter.users.sourceforge.net/\r\n\r\n\r\nbut still you can not write stuff to the server through the browser, so comments can not added either. Bad luck!',16,'2011-07-09 12:46:00','2011-07-09 12:46:00',1),(48,'good good',17,'2011-07-10 13:20:07','2011-07-10 13:20:07',1),(49,'nice!',11,'2011-07-11 00:43:05','2011-07-11 00:43:05',8),(50,'To boys from Qinghuangdao:\r\n\r\nYour shirts are done, I will leave them to Gao Jinlong, since I am going to Taiyan tomorrow. ',4,'2011-07-11 06:18:55','2011-07-11 06:18:55',1),(51,'给我们送来吧',18,'2011-07-13 03:25:08','2011-07-13 03:25:08',10),(52,'留着我那个哈。。。',18,'2011-07-14 00:33:27','2011-07-14 00:33:27',8),(53,'Dead fat\r\n',17,'2011-07-14 15:44:30','2011-07-14 15:44:30',7),(54,'把我的快递送来',18,'2011-07-14 15:45:39','2011-07-14 15:45:39',7),(55,'I think the best way to learn a kind of programming language is with a project written in the language. Actually, there are many open source projects available online, for example, you can use __github__ to search related repository in which you are interested. Here, you said that you needed __tig__ source code. \r\n\r\nFirstly, you should google it and type `tig git` in the search bar, then click the second matched item to the homepage of tig. \r\n\r\nSecondly, find the line `Git URL: git://repo.or.cz/tig.git` below the `Resources` heading.\r\n\r\nThirdly, launch your terminal, run the following command:\r\n\r\n    git clone git://repo.or.cz/tig.git\r\n\r\nThe prerequisite is __Git__ had been installed in your system.',19,'2011-07-16 08:22:27','2011-07-16 13:17:04',3),(56,'good!\r\n',20,'2011-07-17 07:43:18','2011-07-17 07:43:18',2),(57,'**Thanks very much.\r\nEven through it takes some time to get it down. I found there are about 8000 lines about the text. I\'m afraid I may have some trouble reading and modifying it. do you have some useful advices.\r\n**Thanks again.',19,'2011-07-17 08:12:14','2011-07-17 08:12:14',2),(58,'It\'s my pleasure to help you! Exactly, there are several thousand lines code in one file, really big file to a novice. You may fell confused and bored. It\'s always difficult at the beginning. Don\'t worry, with the help of __Git__, which will make our coding life easy.\r\n\r\nNow you have gotten the tig repository, and see a number of files in the tig directory. Since tig uses git to manage its codebase, what you have seen is the content of the latest commit, so the source file is hard to read. How can you get a small source file? Let\'s say we want to view the initial commit content, which must contain a few lines code. To do this, run the command below in your terminal. It looks like this:\r\n   \r\n    git checkout -q commit\r\n\r\nNote if you omit \"-q\" option, you can get much message. You must use a specified commit to substitute \"commit\", such as 800a900c that is the first commit.\r\n\r\nAssuming everything goes well, run __ls__ command. I bet you will feel strange. There is only a couple of files, and other files are gone (actually not). You just go back to previous commit version. Now you can play with the source file easily.\r\n\r\nRun the following command to get back the master branch (the latest commit).\r\n    \r\n    git checkout -q master\r\n\r\nLook up __git-checkout__ man page to view the detail.\r\n\r\nThe next step is to compile the programme, there is no need to install it for you may have installed __tig__. Try if you can compile the source code without errors.\r\n\r\nIn addition, you may need __ctags__ to track the codebase, and __GDB__ to debug the programme.\r\n\r\nEnjoy coding! Learning for fun!',19,'2011-07-17 12:11:45','2011-07-18 01:24:14',3),(59,'hello ',22,'2011-07-18 02:01:03','2011-07-18 02:01:03',1),(60,'hi',22,'2011-07-18 02:19:43','2011-07-18 02:19:43',1),(61,'**welcome to here**\r\n ',24,'2011-07-18 02:57:44','2011-07-18 02:57:44',2),(62,'**This is a place where we can talk about Linux or something we are interested**  \r\ngood to see you\r\n',24,'2011-07-18 02:59:32','2011-07-18 02:59:32',2),(64,'yes I agree with you. I think we all be inprove ourself ,no matter English and skill level hah!\r\n  good see you too! ',24,'2011-07-18 06:11:02','2011-07-18 07:24:17',27),(65,'Welcome.\r\n\r\nA good programmer not only write nice code, but also can communicate with others by writing good articles. So here is a good place for us to improve our writing skill. In the meantime, we can learn more by discussing. ',24,'2011-07-18 06:52:51','2011-07-18 06:52:51',3),(66,'hehe, it is a very interesting title. I think you feel very happy with your teacher. Am I right?',22,'2011-07-18 06:56:59','2011-07-18 06:56:59',3),(68,'Why the \"#include\" doesn\'t highlight? I think the font size is a bit small.',23,'2011-07-18 07:12:13','2011-07-18 07:12:13',3),(69,'that is right.I am freshman to program,just have learned for two days.but I have interested in it, writing code  is very funy to me .\r\nso I very happy to discuss with each other in here. all the same time,\r\nmy English is poor ，I hope you can direct me.hah!',24,'2011-07-18 07:33:45','2011-07-18 07:33:45',27),(70,'From your words, I know you enjoy coding. It\'s really a good beginning.There is a saying that interest is our best teacher. So, you would probably become an excellent programmer.\r\n\r\nI can understand what you said, and you can write so many words. Therefore, I don\'t think that your English is poor, just not perfect.\r\nIf you want to improve your English level, from my own experience, there are no shortcuts, but you try to use it everyday. After a long time (not short), you will find you have made a big progress.  \r\n\r\nBy the way, my English is not perfect as well, but I use it everyday.\r\n\r\nHold your dream, strive for it! ',24,'2011-07-18 08:30:33','2011-07-18 08:33:22',3),(71,'Thank you! It gave me confident from what you said, I trust that if everyone  will try our best to learn what we want our dream will come true. ',24,'2011-07-18 08:53:27','2011-07-18 08:54:45',27),(72,'if you want a serious but simple Open source project to do some hacking. I will suggest __tig__\r\n\r\nhttp://jonas.nitro.dk/tig/\r\n\r\nit is written solely in C, and it is only 8000 lines.\r\n',26,'2011-07-18 11:38:36','2011-07-18 11:38:36',1),(73,'To join a project?\r\n\r\nIt is really simple, go to \r\n\r\nhttp://sourceforge.net/\r\n\r\nor\r\n\r\nhttps://github.com/\r\n\r\nthere tons of projects there written in all kinds of languages.\r\n\r\nI am sure you can find some that fit your interest, choose one and download its code, read it, have some notion, send the author a Email and say you want to contribute to this project. 99 percent of the projects owners will be happy to reply to help you better understand his project.',26,'2011-07-18 11:46:05','2011-07-18 11:46:05',1),(74,'I set all the colours by hand in the CSS file, `include` is not in highlighting, simply because I have not decide which color to use, so be patient and just wait.\r\n\r\n```css\r\n/*** CODE BLOCKS ***/\r\n.highlight {\r\n  font-family: \'Menlo\', \'Courier New\', \'Terminal\', monospace;\r\n  margin: 10px;\r\n  background-color: #232323;\r\n  color: #E6E0DB;\r\n}\r\npre {\r\n  margin: 9px;\r\n  padding: 9px;\r\n}\r\n\r\n.an { color:#E7BE69 }                      /* html attribute */\r\n.cm { color:#BC9358; font-style: italic; } /* comment */\r\n.c1 { color:#BC9358; font-style: italic; } /* comment */\r\n.ch { color:#509E4F }                      /* escaped character */\r\n.mi { color:#FFF }                         /* constant */\r\n.fl { color:#A4C260 }                      /* float */\r\n.nf { color:#FFC56D }                      /* function */\r\n.gv { color:#D0CFFE }                      /* global variable */\r\n.i  { color:#A4C260 }                      /* integer */\r\n.il { background:#151515 }                 /* inline code */\r\n.iv { color:#D0CFFE }                      /* instance variable */\r\n.pp { color:#E7BE69 }                      /* doctype */\r\n.kt { color:#CB7832 }                      /* keyword */\r\n.kw { color:#CB7832 }                      /* keyword */\r\n.rx { color:#A4C260 }                      /* regex */\r\n.s  { color:#A4C260 }                      /* string */\r\n.s2 { color:#A4C260 }                      /* string */\r\n.k  { color:#CB783D }                      /* keyword */\r\n.ss { color:#6C9CBD }                      /* symbol */\r\n.ta { color:#E7BE69 }                      /* html tag */\r\n.pc { color:#6C9CBD }                      /* boolean */\r\n```\r\n',23,'2011-07-18 11:57:15','2011-07-18 11:57:15',1),(75,'try',20,'2011-07-19 09:10:44','2011-07-19 09:10:44',7),(76,'Welcome to install it and use it together !',30,'2011-07-19 13:25:30','2011-07-19 13:25:30',21),(77,'thanks for your advise,I will see these websites.',26,'2011-07-20 05:20:38','2011-07-20 05:20:38',22),(78,'What is your Ubuntu version? I use Ubuntu 10.10. Run the command below to check:\r\n\r\n    lsb_release -a \r\n\r\nor, \r\n\r\n    cat /etc/issue\r\n\r\nAfter I installed terminator according to the following steps, it run correctly.\r\n\r\n    sudo add-apt-repository ppa:gnome-terminator\r\n\r\n    sudo apt-get update\r\n\r\n    sudo apt-get install terminator\r\n\r\nAlso, you can use the commands below to install ubuntu-tweak:\r\n\r\n    sudo add-apt-repository ppa:tualatrix/ppa\r\n\r\n    sudo apt-get update\r\n\r\n    sudo apt-get install ubuntu-tweak\r\n    ',27,'2011-07-20 06:43:19','2011-08-24 07:38:20',3),(79,'May be you should try it next day. :)',28,'2011-07-20 06:46:13','2011-07-20 06:46:13',3),(80,'What\'s your question? You had run the correct command, and got the right output.',29,'2011-07-20 06:48:32','2011-07-20 06:48:32',3),(81,'You should switch the Git Read-only option ,then git clone it ,the detailed address is git://github.com/happypeter/tg-note.git ',28,'2011-07-20 09:39:23','2011-07-20 09:39:23',31),(82,'The price of Ubuntu 11.04 Desktop USB Key in RMB ??',33,'2011-07-20 12:16:35','2011-07-20 12:16:35',21),(83,'hello ,every friend ! I\'m very happy to search our fields of beauty with you; In our tomorrow , exciting and enrichment will occupy  our life of learning; Thank you ,my new friends!!',35,'2011-07-20 13:05:28','2011-07-20 13:05:28',35),(84,'Just as a great commander said: every dog has his dog ! Imagination is more important than knowledge ; as for me : Teamwork  that different from individual is also very great;If you want team building to work , you have to show the members of the team that it benefits them personally . so,cooperation make tomorrow perfectly and efficiently!!\r\nthat\'s all,see you next time . \r\n\r\n\r\n\r\n',35,'2011-07-20 13:22:50','2011-07-20 13:22:50',35),(85,'Sorry ! I know ,the price is in pound !',33,'2011-07-21 06:31:43','2011-07-21 06:31:43',21),(86,'There is a key on your keyboard named __Prnt Scrn__, which can help you.  ',37,'2011-07-21 07:22:15','2011-07-21 07:22:15',3),(87,'Aha!\r\nso useful~!',37,'2011-07-21 08:24:19','2011-07-21 08:24:19',20),(88,'应用程序 >  附件 > 抓图\r\nif you want to further know you can link http://tips.webdesign10.com/how-to-take-a-screenshot-with-ubuntu-linux',37,'2011-07-21 08:30:50','2011-07-21 08:46:00',27),(89,'You are super star !',37,'2011-07-21 08:46:57','2011-07-21 08:46:57',21),(90,'http://media.happypeter.org/happycasts/happycity/hanzhong-cast/github-2_add_sshkey.ogv',34,'2011-07-21 09:27:03','2011-07-21 09:27:03',1),(91,'yes, it works very well',36,'2011-07-21 09:27:52','2011-07-21 09:27:52',1),(92,'your English is good',35,'2011-07-21 09:29:08','2011-07-31 02:07:56',1),(93,'the one I am using now on Ubuntu is\r\n\r\nrecordmydesktop',31,'2011-07-21 09:30:17','2011-07-21 09:30:17',1),(94,'How to Install Ubuntu 11.04 with a UDisk  \n\nPreperations:  \n1.UDisk with 1GB or more,  \n2.ubuntu-11.04-desktop-i386.iso Download from official website.  \n3.bootice.exe to create a bootable UDisk.  4.grub4dos.      \nSteps:  \n1.Use the bootice.exe in Windows to create a bootable Udisk.  \n2.Copy grldr menu.lst in grub4dos to root directory of the Udisk.  \n3.Copy /casper/init.lz and /casper/vmlinuz in ubuntu-11.04-desktop-i386.iso to root directory of the Udisk.  \n\n4.Copy ubuntu-11.04-desktop-i386.iso to root directory of the Udisk.  \n5.Change menu.lst to following      \n\ndefault 0  \ntimeout 10  \ntitle Install Ubuntu 11.04  \nroot (hd0,0)  \nkernel (hd0,0)/vmlinuz boot=casper iso-scan/filename=/ubuntu-11.04-desktop-i386.iso ro quiet splash locale=zh_CN.UTF-8 \ninitrd (hd0,0)/initrd.lz   \n6.Reset your computer and boot with Udisk,Then you may see the install interface of Ubuntu 11.04.  \n7.Enjoy.   \nDownloads   \nAll the reffered tools can be download at git://github.com/ymqqqqdx/tools.git by git.',33,'2011-07-21 21:41:04','2011-07-21 21:41:04',5),(95,'Then you can paste a ubuntu logo on your udisk. All will be done.',33,'2011-07-21 21:42:58','2011-07-21 21:42:58',5),(96,'how to do it?',29,'2011-07-22 02:14:55','2011-07-22 02:14:55',36),(97,'我也拜师 学linux 学英语',7,'2011-07-22 02:32:25','2011-07-22 02:32:25',23),(98,'Try \"git push origin master\".',40,'2011-07-22 09:20:08','2011-07-22 09:20:08',5),(99,'sudo apt-get install git-core\r\ngit clone git@github.com/XXX/XXX.git\r\ngit push origin master\r\ngit pull\r\nssh usrname@ipaddress\r\nscp usrname@ipaddress:filepath/filename localpath/',38,'2011-07-22 09:23:40','2011-07-22 09:23:40',5),(100,'thanks!',38,'2011-07-22 09:40:36','2011-07-22 09:40:36',36),(101,'use `set nonumber` to settle this problem',39,'2011-07-23 00:31:22','2011-07-23 00:31:22',3),(102,'check mine first:\r\nhttp://happypeter.github.com/resume.html\r\n\r\nany more questions about details, just ask\r\n',41,'2011-07-23 08:51:25','2011-07-23 08:51:25',1),(103,'注意和谐。。。',32,'2011-07-25 04:57:17','2011-07-25 04:57:17',11),(104,'Maybe We can make friends....',35,'2011-07-26 14:17:32','2011-07-26 14:17:32',2),(105,'DSP? I am interested in DSP! Can you introduce your job for me? If possible，I want to go to your company  when  I graduate.',38,'2011-07-27 00:23:03','2011-07-27 00:23:03',28),(106,'哈哈，很好的帖子，如果用英文写的话会比较安全',32,'2011-07-27 01:59:26','2011-07-27 01:59:26',1),(107,'Before paste the code, you should run __:set paste__ in vim first, then enter into insert mode, press the middle key of your mouse.\r\n\r\nRun __:set nopaste__ to return to normal mode.',43,'2011-07-27 12:36:30','2011-07-27 12:50:25',3),(108,'use this command  \"gg=G\" ',43,'2011-07-28 05:10:10','2011-07-28 05:10:10',2),(109,'Linked list as a data structure, involve many concepts in c, such as structure, pointer, dynamically allocated memory, so I think you should be familiar with those knowledge first, then to learn linked list, or it is hard to understand. \r\n\r\nWhen you read code about linked list, I advice you to draw a diagram to illustrate how to manipulate pointers in the programme. This way is really useful!\r\n\r\nI find a good tutorial for learning linked list, named [LinkedListBasics][1] written in English. More can be found in the following link.\r\n\r\n<http://cslibrary.stanford.edu>\r\n\r\nIf you feel the tutorial above not easy to read, I recommend the book written by TanHaoQiang. In my opinion, though this book is not related with Linux OS, the section about linked list is not bad.\r\n\r\nIn addition, remember learning by doing.\r\n\r\n[1]:http://cslibrary.stanford.edu/103/',44,'2011-07-28 15:03:00','2011-07-28 15:16:38',3),(110,'Ok,I will try it.',44,'2011-07-29 00:25:09','2011-07-29 00:25:09',24),(111,'you should use __:r /path/filename__',45,'2011-07-29 09:51:16','2011-07-29 09:51:16',3),(112,'だうぞよろしくおねがいします・',46,'2011-07-29 13:59:06','2011-07-29 13:59:06',40),(113,'Oh,very thanks billie!\r\nI tried it，but it\'s copy another file to the current open vim.That also have a command，which,to copy the current open vim of all the contents to another file.What\'s that?\r\nSorry for my poor English .',45,'2011-07-30 00:58:24','2011-07-30 00:58:24',38),(114,'hi, how are you doing?',46,'2011-07-30 11:45:01','2011-07-30 11:45:01',1),(115,'>我试了“：e +文件路径“，不行\r\n\r\n应该是行的，哈哈。\r\n\r\n如果你失败的话可能没有执行拷贝（`shift-v`）和粘贴（`p`)\r\n\r\n`：e +文件路径` 只是打开那个文件，并不能自动完成复制',45,'2011-07-31 01:26:16','2011-07-31 01:26:28',1),(116,'Official manual:\r\nhttp://www.gnu.org/software/make/manual/make.html\r\n\r\nA good tutorial:\r\nhttp://mrbook.org/tutorials/make/\r\n\r\n\r\nRemember my words? Start by tutorials NOT manuals. And as a new programmer, you don\'t need to learn much about makefile. Time spent will be more worthwhile to do some real coding in C or any other language.\r\n\r\nReal projects, real code, learn by doing, start from where you are. \r\n',47,'2011-07-31 01:30:00','2011-07-31 01:35:59',1),(117,'>Then today i have set the key and create a new repository , but when i input \"git init\" it\'s say:\r\nfatal: bad config file line 3 in /home/***/.gitconfig \r\n\r\nThe above error message tells us that you\'ve made a mistake in your __/home/***/.gitconfig__. So all you need to do is to recheck the format of that file, see if you added unecessay spaces or something. \r\n\r\nYou can simply open other people\'s __.gitconfig__ as a reference.\r\n',48,'2011-07-31 01:48:58','2011-07-31 01:48:58',1),(118,'>use this command \"gg=G\" \r\n\r\nit works beautifully, check `:h =`\r\nfor more info.\r\n\r\nThanks, [lexuszhi](http://happypeter.org/users/2). I did not know this before, but now I think I can say goodbye to `set paste`',43,'2011-07-31 02:04:00','2011-07-31 02:06:12',1),(119,'我从人家网站上抄袭的\r\nhttp://www.ruanyifeng.com/tweets/page/2',49,'2011-07-31 07:19:08','2011-07-31 07:19:08',1),(120,'I got it!',47,'2011-07-31 07:56:43','2011-07-31 07:56:43',24),(121,'oh!all right,thanks peter!\r\n',45,'2011-07-31 10:58:28','2011-07-31 10:58:28',38),(122,'   you can try\"set dictionary=/usr/share/dict/words\"in the .vimrc\r\n   \r\n   and don\'t add Space surrouding \"=\"',54,'2011-08-01 00:41:39','2011-08-01 00:41:39',20),(123,'That is because your ssh created unsuccessfully.It may contain space and so on,you need to creat a new ssh or check and modify it carefully.',53,'2011-08-01 01:34:25','2011-08-01 01:34:25',24),(124,'>What\'s wrong,is it because refused too many computers access to it?\r\n\r\nNO, all you need to do is to add sshkey to this machine',53,'2011-08-01 01:58:30','2011-08-01 01:58:46',1),(125,'>And I removed or add space after ‘=’，all like that.What\'s the matter?\r\n\r\nNo space after `=`, simple solution is to delete this line and copy it back from  somebody else\'s __.vimrc__',54,'2011-08-01 02:02:14','2011-08-01 02:02:14',1),(126,'Oh,thanks peter and gege',53,'2011-08-01 07:35:40','2011-08-01 07:35:40',38),(127,'http://whygitisbetterthanx.com/\r\n\r\nthis one is also interesting',55,'2011-08-01 13:09:39','2011-08-01 13:09:39',1),(128,'I got it !\r\n\r\n\r\n\r\n\r\n',50,'2011-08-02 14:08:45','2011-08-02 14:08:45',21),(129,'读起来感觉挺真诚，挺亲切的，不俗套。',57,'2011-08-03 13:29:54','2011-08-03 13:29:54',1),(130,'>真正的学习之路应该是自由的，也只有自由学习才是最理想的学习方法。\r\n\r\n前几天我在太原的时候给同学讲，大学时光有两点必须坚持：\r\n\r\n - 坚持学习，不管有什么样的压力和诱惑，放弃学习都是愚蠢的表现\r\n - 学术自由，学东西要像找情人，只找自己喜欢的（林语堂）\r\n\r\n哈哈，挺巧的。',57,'2011-08-05 13:50:22','2011-08-05 13:50:22',1),(131,'这个又是空号了',17,'2011-08-07 13:37:40','2011-08-07 13:37:40',1),(132,'收藏了',61,'2011-08-08 05:26:00','2011-08-08 05:26:00',19),(133,'胖子不能贪污哥的衣服哦\r\n\r\n',11,'2011-08-08 05:30:21','2011-08-08 07:47:23',44),(134,'@jiesse:\r\n\r\n衣服没有你的，回头我给你印一件吧',11,'2011-08-08 12:36:33','2011-08-08 12:36:33',1),(135,'^-^,so happy!',61,'2011-08-09 01:17:18','2011-08-09 01:17:18',8),(136,'^-^ Thanks peter.\r\nBeforetimes,I always consider GIT must be used with GITHUBE together.\r\nLast week,I deleted codes handworked line by line for going back history. So git !!\r\nNow I see GIT still can help me to control version when I have not network.',59,'2011-08-09 02:41:38','2011-08-09 02:41:38',8),(137,'It seems I am late. Oh, my teacher I personally think you need more practice on photography.',61,'2011-08-11 08:01:39','2011-08-11 08:01:39',15),(138,'oh! I am Zhang Chen.Sorry, I forget it.\r\n',61,'2011-08-11 08:03:36','2011-08-11 08:03:36',15),(139,'提问时要把问题描述清楚\r\n至少要把报错信息贴出来\r\n\r\n你的问题是这个吗？\r\n\r\n    Permission denied (Publickkey)\r\n\r\n',62,'2011-08-11 08:15:59','2011-08-11 08:15:59',1),(140,'如果是的话，那就是因为sshkey没有添加成功，需要再重新添加一次',62,'2011-08-11 08:47:17','2011-08-11 08:47:17',1),(141,'photography? yes, it\'s interesting',61,'2011-08-11 08:50:07','2011-08-11 08:50:07',1),(142,'Peter！When we creat a repository ,but how to delete it.',62,'2011-08-11 09:42:48','2011-08-11 09:42:48',45),(143,'>Peter！When we creat a repository ,but how to delete it.\r\n\r\ngithub.com -> login -> click your project -> admin -> delete this repository',62,'2011-08-11 11:25:14','2011-08-11 11:26:04',1),(144,'连githum.com主页都无法访问。更无法登录。\r\n\r\n目前恢复了。代码已上传成功。但感觉极不稳定，怀疑被墙的风险。',62,'2011-08-11 13:28:16','2011-08-11 13:28:16',41),(145,'工作的激情，难得。',63,'2011-08-12 04:44:16','2011-08-12 04:44:16',41),(146,'github.com连Ping都不通了。已持续2个多小时。\r\n\r\n2011年8月13日周六上午8：00--11;00\r\n\r\n谁能告诉我到底发生了什么？',62,'2011-08-13 02:46:09','2011-08-13 02:46:09',41),(147,'ping 不通？\r\n要么是你的网络有问题，要么是github那边的服务器临时出故障了\r\n一般都是通的',62,'2011-08-13 08:29:44','2011-08-13 08:29:44',1),(148,'hello peter,I\'m a student of akaedu.I have landed happypeter.github.com/LGCB,I want to download the book,but pdf format of the connection can not be opened,can you give Source of this book,my email is mystage123@126.com.Thank you verv much\r\n',63,'2011-08-15 00:28:07','2011-08-15 00:28:07',48),(149,'@mystage123\r\n\r\nSorry about the dated pdf link. Now I\'ve got it updated. Check here:\r\n\r\nhttp://happypeter.github.com/LGCB/book/book_intro.html',63,'2011-08-15 01:47:10','2011-08-15 01:47:10',1),(150,'I have a good time at home without Internet. And now I am in school now. It is time to learn now. What makes me happy is that I found people arise up in this website is getting more and more. \r\n   Learning is a good thing we can enjoy . But when I compile my tig code .It has so many errors...',65,'2011-08-15 03:36:11','2011-08-15 03:36:11',2),(151,'Hi!!!!    ssssssssssssssssssssssssssssssssssssssssss_b',65,'2011-08-15 04:58:55','2011-08-15 04:58:55',14),(152,'haha, welcome back',65,'2011-08-15 08:09:18','2011-08-15 08:09:18',1),(153,'Thank you very much!!',63,'2011-08-15 09:56:40','2011-08-15 09:56:40',48),(154,'I think the right place to post questions on OpenGL, is its forum or mailing list, which you may find here:\r\n\r\nhttp://www.opengl.org/community/newsgroups/',64,'2011-08-15 12:52:42','2011-08-15 12:52:42',1),(155,'Yes, 3 is very different from 2, so different that I think if you really want to use 3, you don\'t need to learn 2.\r\n\r\nIt can be a waste of time to try to learn both, when you only need to use one.\r\n\r\nP.S. I never used 3 before.',66,'2011-08-15 12:55:03','2011-08-15 12:55:38',1),(156,'welcome! \r\nDon\'t worry. It is a good thing to have compiling errors, which can help you learn more knowledge. ',65,'2011-08-15 13:25:17','2011-08-15 13:25:17',3),(157,'Yes，I noticed that there is so much differences between then as you mention above. But I think, it\'s necessary to modify Python 2 to 3.If not why so many differences. It seems I need a new book based on Python 3.',66,'2011-08-16 00:31:18','2011-08-16 00:31:18',15),(158,'I really can not understand  how to work with this website,..',67,'2011-08-20 11:23:15','2011-08-20 11:23:15',2),(159,'Sure, when using ubuntu, we use `alt-ctrl-f1` and `alt-ctrl-f7` to switch among a console and GUI.\r\n\r\nHowever, if the ubuntu is installed as a VM machine, this sometimes does not work. I\'ve experienced this myself several times.\r\n\r\nI am not sure about this, but it seems that if you use `Window-alt-ctrl-f1` it might work. Try this out, and this is the only solution I know.\r\n\r\nAnybody has some idea?',68,'2011-08-23 08:38:43','2011-08-23 08:42:41',1),(160,'我也不会啊，哈哈。有人会吗？帮帮忙吧。\r\n\r\n我的意见是，不要花太多时间调这些东西，我自己以前吧大部分时间都用来调这些底层的问题，其实感觉调出来了也没学会太多东西。初学者在动手的时候应该专注自己的一个小领域，不要太宽；但同时学习和打基础要全面，不要太窄，同时也不要太难。\r\n\r\n不过要是真的急用某个东西，不调也不行啊，哈哈',69,'2011-08-24 02:12:52','2011-08-24 02:12:52',1),(161,'Check the following file:\r\n\r\nhttp://ubuntuguide.net/ubuntu-10-10-fix-the-screen-messed-up-at-start-up-and-shutdown\r\n\r\nWhen I used ThinkPad (E40) , there was no /dev/fb0 in my Ubuntu 10.10 system, but I needed to debug code involving frame buffer. After I googled lots of time, I found the file above, so I tried the method. Luckily, the file /dev/fb0 appeared, and when I restarted Ubuntu, it didn\'t mess up at the beginning, instead with beautiful screen. \r\n\r\nBy the way, my laptop used ATI display card. I didn\'t know why the problem could be fixed. It seemed like the problem had relation with Nvidia display driver. I was lucky!\r\n\r\nNow I recommend this article, it may help you.',69,'2011-08-24 03:16:46','2011-08-24 03:34:59',3),(162,'硕士毕业答辩，有这么简单吗？',70,'2011-08-24 09:32:57','2011-08-24 09:32:57',46),(163,'looking',70,'2011-08-24 12:23:51','2011-08-24 12:23:51',21),(164,'大家百度一下：\r\n\r\n    杜子华 英语成功学\r\n\r\n就可以开始骂我剽窃了，哈哈。\r\n\r\n实际我确实是买了一本书叫《杜子华英语成功学》，不过已经是我上本科那会儿的事情了。多年以后我还是很喜欢里面的方法，所以尽管多年没看那本书了，“剽窃”起来照样很溜儿⋯⋯',6,'2011-08-25 02:28:45','2011-08-25 02:32:50',1),(165,'我在这里也说了学习英语的“简单原则”\r\n\r\nhttp://www.happypeter.org/posts/6',72,'2011-08-25 02:37:21','2011-08-25 02:37:21',1),(166,'越简单越好（俞敏洪） \r\n\r\nhttp://www.happypeter.org/posts/72',6,'2011-08-25 02:37:54','2011-08-25 02:37:54',1),(167,'ubuntu totem (when plugin for mov installed) works like a charm',73,'2011-08-25 13:51:37','2011-08-25 13:51:37',1),(168,'windows test passed',73,'2011-08-25 13:58:14','2011-08-25 13:58:14',1),(169,'我想找一个外国妞练英语 ',72,'2011-08-26 06:41:07','2011-08-26 06:41:07',44),(170,'我用ubuntu10.10曾经也遇到过这个情况,后来从网上搜了好多解决方法,结果每次开机只能进入终端，试了很多办法也不能返回图形界面了，后来只能又换回9.04了。求完全解决方案',69,'2011-08-26 08:00:42','2011-08-26 08:00:42',7),(171,'@navyzhou\r\n\r\n你那个情况是在你机器的硬件上负责图形界面的程序（x server)起不来，我自己以前的旧机器上可以起来，起来后用一会儿就死机。\r\n\r\n这些问题有的可以解决，有的就只能换系统版本了，没有很好的解决方法。',69,'2011-08-26 13:42:04','2011-08-26 13:42:04',1),(172,'LS,你去劫一个呀，哈哈',72,'2011-08-29 01:58:10','2011-08-29 01:58:10',5),(174,'OK, I see what you mean, you want to display the code on the page, but you don\'t want to copy the code to the .md file, and you love to keep the .c file separate. Right?\r\n\r\nIf you are running your own server, this is actaully very easy to accomplish, simply by writing a little script to do exactly what you want. But as to github page, it is backed by [jekyll](https://github.com/mojombo/jekyll/wiki), so you only have what it offers, and nothing more. \r\n\r\nI do not think you can do this in jekyll. And I actully googled \"html include another file\", did not find any simple solution. \r\n\r\nAnyway, your problem now is that you are writing a tutorial, want to share some demo code snippets with your audience. This is just what [gist](https://gist.github.com/) is designed for. Check this\r\n\r\nhttps://gist.github.com/171713\r\n\r\nand if you add this single line in your .md file\r\n\r\n    <script src=\"https://gist.github.com/171713.js\"> </script>\r\n\r\n\r\nthe final result will be\r\n\r\nhttp://happypeter.github.com/GitBeijing/gist.html',74,'2011-08-29 13:48:57','2011-08-29 13:54:33',1);
/*!40000 ALTER TABLE `comments` ENABLE KEYS */;
UNLOCK TABLES;

--
-- Table structure for table `posts`
--

DROP TABLE IF EXISTS `posts`;
/*!40101 SET @saved_cs_client     = @@character_set_client */;
/*!40101 SET character_set_client = utf8 */;
CREATE TABLE `posts` (
  `id` int(11) NOT NULL AUTO_INCREMENT,
  `title` varchar(255) COLLATE utf8_unicode_ci DEFAULT NULL,
  `content` text COLLATE utf8_unicode_ci,
  `created_at` datetime DEFAULT NULL,
  `updated_at` datetime DEFAULT NULL,
  `user_id` int(11) DEFAULT NULL,
  PRIMARY KEY (`id`)
) ENGINE=InnoDB AUTO_INCREMENT=75 DEFAULT CHARSET=utf8 COLLATE=utf8_unicode_ci;
/*!40101 SET character_set_client = @saved_cs_client */;

--
-- Dumping data for table `posts`
--

LOCK TABLES `posts` WRITE;
/*!40000 ALTER TABLE `posts` DISABLE KEYS */;
INSERT INTO `posts` VALUES (1,'Hi everybody','I use this site to communicate with people. \r\n\r\n - with written words, so that we can practice our writing, and we can talk about anything on each \'ticket\' we create\r\n\r\n - we do not use Email, we want other people to see what we are talking, and hopefully they get interested and join us.\r\n\r\n - free as in air','2011-06-29 02:24:47','2011-06-29 02:25:24',1),(2,'sign up','Cool! I\'m the second user on this site, except the site creator. I like this site for its simple style. The most important thing is it supports __Markdown__, which I use everyday.','2011-07-01 08:39:42','2011-07-01 08:41:01',3),(3,'feature request:  automatically login after signed up','I think the site has a small problem. After I signed up, it only tells me you have signed up successfully, but I can do nothing unless you log in using your account. This is not friendly. I think I should log in automatically after I signed up the first time. So can you modify this problem?','2011-07-01 09:59:13','2011-07-01 10:03:20',3),(4,'T-SHIRT','As we\'ve talked today, many of you want a shirt like mine(with happypeter.org on the back)\r\n\r\nSo plz post here, and let me know your size, options are\r\n\r\n - M\r\n - L\r\n - XL\r\n - XXL\r\n\r\n...','2011-07-02 13:17:46','2011-07-02 13:17:46',1),(5,'Letter to Song Jinshan','My dear Mr Song,\r\n\r\nI just finished your lecture on Software Development Process. I really like it.\r\n\r\n  But I do not really like the idea, you know what I care about management, I don\'t want to make it a serious science. I still love to stress on the human side: honor of developers as individuals. Team leader shall give his men some ego boost from time to time, all teams shall have pretty girl dev ...\r\n\r\nI really love\r\n\r\nhttp://gettingreal.37signals.com/ch01_What_is_Getting_Real.php\r\n\r\nThese days I am learning ROR.\r\n\r\nhttp://happypeter.github.com/ruby-on-rails.html\r\n\r\nand building my own\r\n\r\nwww.happypeter.org\r\n\r\nFirebug is a big help.( you showed me this when I was working under you, big thanks).  I am sure I am going to write some Unit test code soon, ROR people also love TDD and agile. The part on UnitTest in this lecture really helps.\r\n\r\n\r\nBTW. I mirrored your article here:\r\n\r\nhttp://happypeter.github.com/on-english-and-prog.html\r\n\r\nSo I think I need your permission. What would you say?\r\n\r\n\r\nwww.happypeter.org is build as a platform, where young students can ask anything they are interested in,(be it tech, career...) and hopefully some experienced dev will come and answer. It is definitely non-commercial. So I will be more than honored if you can join us, and post some articles for the students. All data will have triple-backup. So your post will be kept forever. We will later add some tagging and pointing system, so that good posts will not be buried by noise...\r\n\r\nHope some day, we can make a face-to-face, there are always so much I need to learn from you. Seriously!\r\n\r\n\r\n','2011-07-02 15:46:12','2011-08-28 15:24:43',1),(6,'音频-关于英语学习','大家好，这是我在长春上课时的课堂录音\r\n\r\n[mp3](http://media.happypeter.org/happycasts/happycity/changchun-casts/english.mp3)\r\n\r\n内容包括：\r\n\r\n - 简单原则,滚雪球式学习\r\n - 不学语法不考试原则\r\n - 投资提高兴趣','2011-07-03 14:16:21','2011-07-04 07:22:11',1),(7,'致所有想拜我为师的朋友','今天有同学给我来信，说要拜我为师，which really made my day!\r\n\r\nPeter本人阅历尚浅，根本没有实力给人当师傅。不过确实学LINUX 的人拜个师傅挺好的，我是2007年初拜的师，我师傅给我的帮助很大，我一直都非常感激她（注意是“她”）\r\n\r\n我是那种虚荣心很强的人，所以即使水平不够也很愿意多给人家讲职业和技术发展方面的事情。\r\n\r\n想拜我为师的人可以这样：\r\n\r\n - 给我买个礼物，10块钱以下的就行，例如钥匙缀\r\n - 关注 www.happypeter.org 上的新贴\r\n - 我们定期见面，我请你吃饭\r\n\r\n\r\n君子以文会友。\r\n','2011-07-04 14:04:28','2011-07-04 14:06:12',1),(8,'apt-get不能用了','执行sudo apt-get update的时候：\r\n\r\n忽略 http://extras.ubuntu.com maverick InRelease                               \r\n忽略 http://debian.nctu.edu.tw maverick InRelease                              \r\n忽略 http://archive.canonical.com maverick InRelease                     \r\n错误 http://archive.canonical.com maverick Release.gpg                         \r\n  解析“archive.canonical.com:http”时，出现了某些故障(-5 - 没有与主机名关联的地址)\r\n忽略 http://debian.nctu.edu.tw maverick-updates InRelease                      \r\n\r\n.............\r\n\r\n用sudo apt-get install 安装下载的时候也是这样的。\r\n求教是怎么回事？','2011-07-06 01:29:38','2011-07-06 01:29:38',8),(9,'May be a Bug ！','发帖后，帖子显示的时间不是北京时间！peter ，这是特意设置的还是Bug呢？','2011-07-06 02:23:36','2011-07-06 02:23:36',11),(10,'42期授课笔记','## tar \r\n\r\n关于压缩和解压，以下几种情况最常见:\r\n\r\n1.将名为`dir`的文件夹压缩为 `.tar.gz`的包：\r\n\r\n    tar zcvf  dir.tar.gz dir\r\n\r\n相应的解压命令：\r\n\r\n    tar zxvf dir.tar.gz \r\n\r\n2.将名为`dir`的文件夹压缩为 `.tar.bz2`的包：\r\n\r\n    tar jcvf dir.tar.bz2 dir\r\n\r\n相应的解压命令：\r\n\r\n    tar jxvf dir.tar.bz2\r\n\r\n当然以上过程也个以用**tar**, **bunzip2**, **gunzip**, 分别分为多步完成，但是一般不用，太麻烦，所以也不用记。以上的压缩方式，实际中只需记住一种就够用了，但是解压方式两种都要死记硬背下来，因为太常用了。\r\n\r\n## 扩展阅读\r\n\r\n\r\nhttp://happypeter.github.com/on-english-and-prog.html','2011-07-07 14:48:59','2011-07-07 15:26:54',1),(11,'周一来上课吧？','T-Shirt做好了吗？','2011-07-08 06:17:52','2011-07-08 06:17:52',5),(12,'hello peter   ','it\'s me zhaodsh \r\nthe site is very cool. so  I  decide to make one ,  but have other styles..... \r\nmay I write some  blogs  on this ?','2011-07-08 13:29:07','2011-07-08 13:30:07',16),(13,'code share-- search for a certain string with in a dir','### we have a simple request:\r\n\r\nthere is a directory with lots of subdirectory and files inside., now I want to know which files inside this tree contains a string \"foo\", I want to issue a command\"\r\n\r\n    xxx foo\r\n\r\nthe output should tell me which files contains the word \"foo\", print out all the lines with \"foo\". \r\n\r\nTo make things nicer, I can quickly select any match I want, and quickly open and edit it in vim.\r\n\r\n\r\n\r\n### now I have two solutions:\r\n\r\nthe first is done with \r\n[shell script](https://github.com/happypeter/hen/blob/master/search/xxx)\r\nit is relatively simple, but the output is a bit ugly\r\n\r\nthe second is written in\r\n[C](https://github.com/happypeter/hen/blob/master/search/curse/xxx.c)\r\nit takes more code, but runs better\r\ncheck [how to install](https://github.com/happypeter/hen/blob/master/search/curse/wiki) \r\n','2011-07-08 14:32:41','2011-07-08 14:35:02',1),(14,'Hi Peter','It is very pretty cool here. ','2011-07-08 15:07:19','2011-07-08 15:07:19',18),(15,'http://www.linfo.org/','Do we know\r\n\r\n - what is a [command](http://www.linfo.org/command.html)?\r\n - what is [data](http://www.linfo.org/data.html)?\r\n\r\n\r\nEvery time I came to http://www.linfo.org/ , I was shocked by its beauty of simplicity. \r\n\r\n - easy English here that makes reading the text joyful experience\r\n - important concepts explained in a really nice and clear way\r\n','2011-07-08 15:25:08','2011-07-08 15:26:26',1),(16,'Build your own website','A lot of people want a personal website to share their stuff, Here are some of the options I\'ve tried over the years.\r\n\r\n### NO.1 Get a account from a blog hosting website\r\n\r\n__Examples:__ http://blog.chinaunix.net/space.php?uid=20653980\r\n\r\n__Pros:__ you don\'t need to build your site with java or PHP by hand, all the basic features are ready there for you. google and baidu usually favor these sites over your own site\r\n\r\n__Cons:__ there is little you can do if you want to do customization. You can change the theme and color a bit, but you can not add any new feature. I had really hard time trying to backup all my work on chinaunix.net, I need to do Copy&Paste by hand, that sucks!! \r\n\r\n\r\n__advice:__ I\'ve seen a lot of the programmers use http://wordpress.com/, it looks nice. I am annoyed many times by  http://blog.chinaunix.net, that\'s why I gave it up.\r\n\r\n### NO.2 use github pages\r\n\r\n__Examples:__ http://happypeter.github.com/   and  http://tom.preston-werner.com/\r\n\r\n__Pros:__ still you don\'t need to build your site with java or PHP by hand, you have total control over the look of your site, you can [blog like a hacker]( http://tom.preston-werner.com/2008/11/17/blogging-like-a-hacker.html), you can write in Markdown, and [jekyll](http://jekyllrb.com/) will translate it into html. All your data is in a gitrepo, data backup and synchronization can not be easier. \r\n\r\n__Cons:__ you need to learn Markdown and jekyll, and spend some time doing customization. The final result is still a STATIC page, you can not run any CGI script, I mean static is static.\r\n\r\n\r\n__advice:__ I love it so much, it runs really well, changing stuff and doing backup is so easy with the help of git and jeykll.\r\n\r\n## NO.3 a SF page\r\n\r\n__Examples:__ http://happypeter.users.sourceforge.net/\r\n\r\n__Pros:__ you have a basic LAMP environment. that means you can run CGI, you can code some PHP, and there is a lot more you can do I am sure, there is not hard quota, and still it it totally free. \r\n\r\n__Cons:__ I need rsync to backup my data (NOT git), I need to write a lot of the html( NOT Markdown), which is annoying to me, but still acceptable. The sucker that really drived me away from sf.net is really the performance, you have ssh, but you have little permission, and everything is so slow. \r\n\r\n\r\n__advice:__ It\'s still intersting if you want to try site-building and don\'t want spend any money. OR, if you have, say 1000RMB/year, I will suggest a VPS.\r\n\r\n## NO.4 a real server with real hardware\r\n\r\n__Examples:__ www.happypeter.org\r\n\r\n__Pros:__ you have everything you want!!!\r\n\r\n__Cons:__ It is so expensive!!! I spend more than 10000RMB/Year. \r\n\r\n\r\n__advice:__ Only needed when you really want to do something serious. \r\n\r\n','2011-07-09 03:09:17','2011-07-09 03:22:11',1),(17,'Hi everyone.I have changed my telephone number to 18611476526.','please reserve it to your contacts.\r\ngaojinlong','2011-07-10 13:17:26','2011-07-10 13:17:26',5),(18,'Notice! who booked the T-shirt!','Please come to akaedu to take your T-shirt.\r\nPeter will be in Taiyuan in the coming two weeks.','2011-07-12 02:53:51','2011-07-12 02:53:51',5),(19,'about learn C','I want to learn C by some projects. Who \r\nhas some resources. Such as the sourse code of the \"tig\"','2011-07-16 05:23:35','2011-07-16 05:23:35',2),(20,'bing online dictionary','Hi, guys!\r\n\r\nI found a powerful and excellent online dictionary today. I want to share it with you. Its name is __Bing Dictionary__ which was created by Microsoft. Maybe you has known it.Though I prefer Linux to Windows, and I don\'t intent to advertise the product for Windows, however, it is really amazing with its videos, which display a pretty woman or man (not handsome) reading the example sentence for you. In addition, I think its translation (English-Chinese) is quite precise, which is very important to users.\r\n\r\nBefore I know Bing, I usually used __youdao__ dictionary, now in my opinion, youdao can\'t compare with Bing in the friendly interface and the capability. Now that Windows provides a good and free product for his customers, why not use?\r\n\r\nSo I decide to abandon youdao, choose Bing as my daily assistant. Whether or not use it, it\'s up to you. If you have a good stuff for learning, please share with us.','2011-07-16 11:12:04','2011-07-16 11:16:03',3),(21,'github setup','http://media.happypeter.org/happycasts/happycity/hanzhong-cast/\r\n\r\n\r\ncheck \r\n\r\n    [VID]	github-1_register.ogv	13-Jun-2011 10:44 	16M	 \r\n    [VID]	github-2_add_sshkey.ogv	13-Jun-2011 10:44 	20M	 \r\n    [VID]	github-3_new_repo.ogv	13-Jun-2011 10:44 	45M	 \r\n','2011-07-17 03:25:52','2011-07-17 03:25:52',1),(22,'Peter  is our teacher','hello peter','2011-07-18 02:00:30','2011-07-18 02:00:30',21),(23,'a c question (test)','what does this mean?\r\n\r\n```c\r\n#include <stdio.h>\r\n\r\nint main(int argc, const char *argv[])\r\n{\r\n    printf(\"hello everyone!\\n\");\r\n    return 0;\r\n}\r\n```\r\n','2011-07-18 02:24:20','2011-07-18 02:24:20',1),(24,'So happy to be here','I want to make friend with everybody!!','2011-07-18 02:26:49','2011-07-18 02:28:00',27),(26,'join Open source','A question from my student\r\n\r\n>I want to know something about open source.But I don\'t know how to start.I hope you give me some advices.For example,some website,how to join a project.','2011-07-18 11:27:11','2011-07-18 11:27:11',1),(27,'路过的帮看下，关于terminator和Ubuntu Tweak','问题1：安装terminator不能启动，就闪烁一下就没了，奇怪呀\r\nsite：http://www.tenshu.net/terminator/\r\n我一经做了如下修复操作，不过过还是不起作用：\r\n1.sudo apt-get remove terminator\r\n  sudo apt-get install terminator\r\n2.apt-get autoremove --purge terminator\r\n  sudo apt-get install terminator\r\n\r\n\r\n问题2：如何给pyhton降版本，或者如何让Tweak支持python2.7.1呀？\r\n之前给安装过Tweak，升级ubuntu就安装不上了，错误提示信息时说Tweak要求python版本小于等于2.7，而我升级之后是2.7.1呀。。。\r\nsite：http://ubuntu-tweak.com/','2011-07-19 04:05:46','2011-07-19 04:05:46',11),(28,'a question','akaedu@ubuntu:~$ git clone https://github.com/happypeter/tg-note.git\r\n\r\nInitialized empty Git repository in /home/haubo/tg-note/.git/\r\n\r\nfatal: https://github.com/happypeter/tg-note.git/info/refs download error - The requested URL returned error: 403\r\n\r\n','2011-07-19 09:05:28','2011-07-22 08:31:01',33),(29,'git install','akaedu@ubuntu:~$ sudo apt-get install git-core\r\n\r\n[sudo] password for akaedu: \r\n\r\n正在读取软件包列表... 完成\r\n正在分析软件包的依赖关系树       \r\n正在读取状态信息... 完成       \r\ngit-core 已经是最新的版本了。\r\n共升级了 0 个软件包，新安装了 0 个软件包，要卸载 0 个软件包，有 0 个软件未被升级。\r\n','2011-07-19 09:18:40','2011-07-22 08:31:56',33),(30,'OpenFetion','  Fetion For Linux ,I like it very much !','2011-07-19 13:23:20','2011-07-19 13:23:20',21),(31,' Ask for a perfect  software to record mydesktop ','I want to record mydesktop !','2011-07-20 09:26:48','2011-07-20 09:35:09',21),(32,'翻墙利器\"赛风\"（Psiphon）','\"赛风\"（Psiphon）代理新网址：http://iganxieguojia.info/， 请用http://iganxieguojia.info/替换下文的http://war2wall.info/。发一封标题为GFW的邮件到CDTcaonima@gmail.com，就可获取翻墙利器赛风新地址。\r\n\" 赛风\"（Psiphon）介绍：\r\n多伦多大学公民实验室和中国数字时代联合推出翻墙利器：新版\"赛风\"（无需邀请码）\r\n\r\n使用\"赛风\"突破封锁，访问页面速度比较快，使用方便，不需要下载软件。但是，也存在需要邀请码才能注册，容易被封锁等缺点。数字时代版\"赛风\"无需注册 邀请码。一旦被封，我们将通过邮件、GFW Blog等及时公布新地址。\r\n\r\n使用方法非常简单：\r\n1、访问http://war2wall.info/， 阅读并同意\"隐私协议\"，点\"agree\"\r\n\r\n\r\n2、点\"agree\"后，就可以进入被屏蔽的中国数字时代（China Digital Times）的首页。你已翻墙成功 。请点页面上方小方框\"Create account\"，注册帐号。注册成功后，一旦现在的代理网址被封，我们将发送新的地址到您注册时用的电子邮箱，确保您及时获得新的代理地址。\r\n\r\n\r\n3、 注册。Language项，选中文、英文等。 Username项，填用户名。E-mail address项，填电子邮箱地址 ，我们推荐你用gmail。Password项，填密码。 Verify password项，重复刚才输入的密码。Security code项，填下方的认证码。都填完后，点最下面的\"creat account\"，即完成注册。\r\n4、访问其他被封锁的网站。很简单。在页面上方小方框输入您想访问的被墙网址，点\"go\"，就可以突破封锁。\r\n\r\n本文原文链接(需代理)：http://www.chinagfw.org/2010/08/psiphonhttpiganxieguojiainfo.html\r\n','2011-07-20 09:53:40','2011-07-20 09:53:40',21),(33,'I want to konw the price of the Ubuntu 11.04 Desktop USB Key','\r\nUbuntu 11.04 Desktop USB Key\r\n	\r\nUbuntu 4GB USB flash drive, pre-loaded with Ubuntu 11.04 Desktop. Featuring the Ubuntu logo in orange and white in a rubberised finish. Attach it to lanyards or key-chains using the handy loop at the top, and always have Ubuntu with you to share with your friends!\r\n\r\nSpecifications:\r\n\r\n    * Sliding retractable USB\r\n    * USB 2.0 host interface\r\n    * Weight: 14g\r\n    * Dimension: 70 x 23 x 11 mm\r\n\r\n\r\nPlease note this is a 32-bit version.\r\n\r\nIMPORTANT: Please read the Installation Instructions and FAQs before you purchase this item.\r\n \r\nUBN30034\r\n \r\n £ 14.50 ','2011-07-20 12:15:27','2011-07-20 12:15:27',21),(34,'ask','How to use ssh-keygen pefectly,I forget now,sorry','2011-07-20 12:54:40','2011-07-20 12:54:40',35),(35,'Hi,peter !','','2011-07-20 12:56:17','2011-07-20 12:56:17',35),(36,'Download Ubuntu installer for Windows','http://www.ubuntu.org.cn/download/ubuntu/windows-installer/\r\n  Click the big orange button to download the latest version of Ubuntu. This Windows installer (Wubi) will help you to run Ubuntu within your current system.\r\n  Wubi is an officially supported Ubuntu installer for Windows users. It can install and uninstall Ubuntu in the same way as any other Windows application. It\'s simple and safe.\r\n\r\n','2011-07-21 00:22:47','2011-07-21 00:22:47',21),(37,'how to screen capturing  in linux siytem','I want to capture screen picture what I want show problem to you.but I don\'t how to do that.  ','2011-07-21 04:50:19','2011-07-21 04:50:19',27),(38,'use and study','    i can\'t remember how to install git and where to git pull and git push,and something about ssh,so i think there are someone who can help me.\r\n    i am very happy,because i get a job which has something with DSP a real time system!\r\n    my English is\'t good,so i begin write and read English.\r\n    if wrong ,correct it.\r\n    thanks!\r\n                  your student!','2011-07-22 02:07:24','2011-07-22 02:07:24',36),(39,'about \"set number in .vimrc\" small problem!','when I  edit <.vimrc>, don\'t add \"set number\" or delete it ,but when I saved and out,restart  \"vim a.c\",the number also exist. \r\nThe obove problem just appear  my PC .when I edit same setting in classroom,don\'t arise that problem, is it my computer to problem? It\'s strange.','2011-07-22 02:15:31','2011-07-22 02:16:18',27),(40,'git push 不上去','在教室可以push上去 错误：\r\nakaedu@ubuntu:~/wangjianfei_note$ git push\r\nwarning: You did not specify any refspecs to push, and the current remote\r\nwarning: has not configured any push refspecs. The default action in this\r\nwarning: case is to push all matching refspecs, that is, all branches\r\nwarning: that exist both locally and remotely will be updated.  This may\r\nwarning: not necessarily be what you want to happen.\r\nwarning: \r\nwarning: You can specify what action you want to take in this case, and\r\nwarning: avoid seeing this message again, by configuring \'push.default\' to:\r\nwarning:   \'nothing\'  : Do not push anything\r\nwarning:   \'matching\' : Push all matching branches (default)\r\nwarning:   \'tracking\' : Push the current branch to whatever it is tracking\r\nwarning:   \'current\'  : Push the current branch\r\nfatal: remote error: \r\n  You can\'t push to git://github.com/wangjianfei/wangjianfei_note.git\r\n  Use git@github.com:wangjianfei/wangjianfei_note.git\r\n','2011-07-22 08:29:42','2011-07-22 08:29:42',33),(41,'About Resume','hi,peter:\r\n  I want to go to foreign companies interview.Can you teach me how to write the resume in English.Thank you!\r\n                               \r\n                            xun from cc','2011-07-23 07:26:51','2011-07-23 07:34:27',22),(43,'FOR HELP','when use vim,I copy code from one file to another,after I paste,I find following situations.\r\n\r\nint a = 55648;\r\n    unsigned int mask = (1<<31);\r\n\r\n        for(;mask>0;mask>>=1)\r\n              {\r\n                 printf(\"%c\\n\",d);\r\n                            }\r\n                                                                     printf(\"\\n\");\r\n                                                                         return 0;\r\n\r\n\r\nIf I use background incourrently.','2011-07-27 12:25:17','2011-07-27 12:25:17',28),(44,'something about linked list','I think linked list is very difficult.so I want to ask you for some reference about it.','2011-07-28 09:28:52','2011-07-28 09:28:52',24),(45,'vim的复制操作','打开一个vim文件后，想把里面的内容复制到另一个文件里，由于内容太多，一行一行复制很麻烦，这时候用貌似“：e  +文件路径“的命令可以实现，具体怎么写啊，我试了“：e  +文件路径“，不行','2011-07-29 06:12:15','2011-07-29 06:12:15',38),(46,'Just say Hello','Hi,Peter, this is Lina. \r\nThere is nothing importent I want to say and just to say Hello to you and Billie:)','2011-07-29 13:53:49','2011-07-29 13:53:49',40),(47,'Makefile writing','Thinks for your linked list reference. I wrote Makefile before,but there is something difference between my and yours.so I wish you give me some reference about Makefile writing.That I can write it canonical.','2011-07-30 03:25:30','2011-07-30 03:25:30',24),(48,'A question about \"Github\"',' I have exchanged my E-mail in the Github on my computer but not on classrooms\'. and I have no connected my computer with that web after that. so I don\'t clear whether this is a problem.\r\nThen today i have set the key and create a new repository , but when i input \"git init\" it\'s say:\r\n        fatal: bad config file line 3 in /home/***/.gitconfig \r\nthe line 3 is that setting the E-mail,which is in the new repository\'s step.\r\n\r\n\r\n\r\nIt will be normal  if you don\'t understand my question, actually I am in good at Chinese but no English.\r\n\\(^o^)/~','2011-07-30 05:42:59','2011-07-30 05:44:22',20),(49,'编程为什么吸引人？','编程为什么吸引人？因为你不用重复工作，代码只要写一次，就能重复使用，不像销售人员每天必须卖同样的东西、财务人员每天必须做同样的帐。（Paul Graham）','2011-07-31 07:18:06','2011-07-31 07:18:06',1),(50,'学位的作用','http://www.ruanyifeng.com/blog/2008/01/degree_and_capability.html','2011-07-31 09:03:13','2011-07-31 09:03:13',1),(51,'Be good(Paul Graham)','Paul Graham at Startup School 08:\r\n\r\nhttp://v.youku.com/v_show/id_XMjA2NzY4Njc2.html\r\n\r\nhttp://media.happypeter.org/happycasts/201108241557_be_good.mp3\r\n\r\nhttp://www.paulgraham.com/good.html\r\n\r\nHis Points:\r\n\r\n- Be good, not only for the benevolence, but it also works, it makes money\r\n\r\n- Be good, then good people will try to help you\r\n\r\n- care less about money, behave like non-profits.\r\n\r\nThese points make sense, but I think you need to be good to the world, you also need to be good to yourself, that is to do what you really love for the people you really care.\r\n\r\nI love my college time, I will work on education, cause I love young people, they are me.','2011-07-31 10:28:18','2011-08-24 09:25:59',1),(53,'\"git-clone\"的相关操作','I have a troublesome problem about \"git-clone\",now I have two computers to manage my repositories,and I want to manage these on the third computer,but failed,it says:Initialized empty Git repository in /home/akaedu/Myproject/.git/\r\nPermission denied (publickey).\r\nfatal: The remote end hung up unexpectedly\r\nWhat\'s wrong,is it because refused too many computers access to it?','2011-07-31 11:13:43','2011-07-31 11:13:43',38),(54,'vimrc 设置问题','set dictionary= /user/share/dict/words\r\nI wrote it in vimrc,it says:\r\n处理 /home/akaedu/.vimrc 时发生错误:\r\nE518: 未知的选项: /user/share/dict/words\r\n请按 ENTER 或其它命令继续\r\n\r\nAnd I removed or add space after ‘=’，all like that.What\'s the matter?','2011-07-31 11:41:20','2011-07-31 11:41:20',38),(55,'a website for git','http://progit.org/book/\r\nhttp://progit.org/book/zh/','2011-08-01 05:42:56','2011-08-01 05:42:56',11),(56,'张宏宇','http://renren.com/profile.do?id=61134\r\n\r\n高中我们宿舍老六，我朋友中最有才华的几个人之一，高考我们市第一名。\r\n\r\nBTW，他也是搞Linux的。\r\n\r\n外号叫“张驴”','2011-08-03 02:41:19','2011-08-03 02:44:37',1),(57,'一生的学习（李明）','http://www.programmer.com.cn/6423/','2011-08-03 13:28:21','2011-08-03 13:28:21',1),(58,'http://www.joelonsoftware.com/','http://www.joelonsoftware.com/\r\n\r\nhttp://www.ruanyifeng.com/blog/2008/11/finding_great_developers.html\r\n\r\n\r\n','2011-08-05 01:39:26','2011-08-05 01:43:03',1),(59,'git talk(北航）','幻灯片：\r\nhttp://git-showoff-peter.heroku.com/\r\n\r\n微博直播（翟开源）：\r\nhttp://weibo.com/2210897183\r\n\r\n童辉还给贴了广告，让我很高兴：\r\nhttp://media.happypeter.org/happycasts/201108072135_logo.jpg\r\n\r\n\r\n\r\nhttp://media.happypeter.org/happycasts/201108072139_part1_git.mp3\r\n - 自我介绍\r\n - 为什么名字叫git\r\n - who when what why\r\n - tig blame xxx.c\r\n - gource\r\n - 回到历史中的某个版本\r\n - github 是干什么用的\r\n\r\n\r\nhttp://media.happypeter.org/happycasts/201108072140_part2_github.mp3\r\n - github 帮你把你的“代码”变成“项目”, 让你的简历更牛。\r\n - 使用git 回溯知名项目到它的婴儿阶段，便于自学\r\n\r\n\r\nhttp://media.happypeter.org/happycasts/201108072141_part3_qa.mp3\r\n - 多人项目协同工作的workflow\r\n - 如何对文件进行删除和改名操作。\r\n - 结束全场演讲\r\n','2011-08-05 04:29:35','2011-08-07 13:56:48',1),(60,'未来的互联网创业(Paul Graham)','原文网址：http://www.paulgraham.com/webstartups.html\r\n\r\n译文（阮一峰）： http://www.ruanyifeng.com/blog/2008/01/the_future_of_web_startups_part_i.html','2011-08-05 13:08:56','2011-08-05 13:08:56',1),(61,'七夕秦皇岛同学来访','Video：\r\n\r\nhttp://media.happypeter.org/happycasts/201108060324_qhd.mov','2011-08-06 07:52:05','2011-08-06 07:52:05',1),(62,'github无法访问已持续12小时','如题。何故？','2011-08-11 01:21:56','2011-08-11 01:21:56',41),(63,'公司里的生活','这几天我在培黎学院讲课，一直在强调公司里工作是多么没意思，尽管我在所谓的外企和创业团队都工作过，但是丝毫找不到工作的激情。\r\n\r\n我的唠叨只是这几年的直观感受，今天终于找到了大师对于这方面的理性分析：\r\nhttp://www.paulgraham.com/boss.html\r\n\r\n\r\n>In an essay I wrote a couple years ago I advised graduating seniors to work for a couple years for another company before starting their own. I\'d modify that now. Work for another company if you want to, but only for a small one, and if you want to start your own startup, go ahead.\r\n\r\n>The reason I suggested college graduates not start startups immediately was that I felt most would fail. And they will. But ambitious programmers are better off doing their own thing and failing than going to work at a big company. Certainly they\'ll learn more. ','2011-08-11 13:31:30','2011-08-11 14:01:21',1),(64,'OpenGL坐标转换','如题，在一个android应用中我用OpenGL画了三个物体。当用鼠标点击的时候很容易知道鼠标点击的屏幕位置的坐标(x,y)。但是物体是用OpenGL的三维坐标画的，我是想知道，当我点击了屏幕的某个位置的时候是点到了哪个物体。能不能通过屏幕坐标转换成OpenGL坐标实现，怎样进行坐标的转换？或者还有没有其他的途径？','2011-08-15 01:55:57','2011-08-15 01:57:02',8),(65,'I\'m back ','','2011-08-15 03:31:05','2011-08-15 03:31:05',2),(66,'Help','I am learning Python now. \r\nBut there is so many differences between Python 2 and Python 3. Where can I find the defferences quickly.\r\nI use the Python 3.2 but the book that I read is based on Python 2.','2011-08-15 08:13:58','2011-08-15 08:13:58',15),(67,'Codecademy -- learn how to code','http://www.codecademy.com/','2011-08-19 08:06:54','2011-08-19 08:06:54',1),(68,'switch console in vmware','>hello，peter.\r\nI am lee. I have a question and hope you can help me.\r\non the unbutu,if you key  \"ctrl+alt+shift+F1\",we can from test frame convert to graphical interfaces. you key \"alt+F7\" and you will exit it.\r\nbut My unbutu vmware whatever you do it , It doesn\'t exit the test frame.I don\'t konw what do it and hope you give me some advice. I hope you give me enough advice so that I can try exit the test frame.\r\nthank you very much !\r\n                                         ','2011-08-23 08:29:29','2011-08-23 08:29:29',1),(69,'/dev/fb0  的安装','>  hello peter.\r\n     这次情况很是紧急，所以就直接用中文了，呵呵，咱们一开始装的虚拟机上没有一个文件在/dev/fb0,就是framebuffer的一个驱动，然后我在新德里上装了好多有关framebuffer的插件还是不行，上网看说要重新编译内核，实在是 不会弄了，所以就麻烦您帮忙看下，每次装完/dev/fb0后重启就没了，重装系统后还是这种情况，问代课老师他说从别人机器上拷一个系统，我觉得太麻烦，就看看可不可以自己装。谢谢\r\n\r\n','2011-08-24 01:58:57','2011-08-24 01:58:57',1),(70,'我硕士答辩用的幻灯片','http://media.happypeter.org/happycasts/201108241102_graduation_v8_no.pdf	\r\n\r\n\r\n偶然从一个破U盘里，翻出了这个东西，回忆往事，只记得当时实验室里的恶心的学术气氛。\r\n\r\n发誓今生不与那些臭虫妥协。','2011-08-24 02:58:57','2011-08-24 02:58:57',1),(71,'install ubuntu on intel_imac ','https://help.ubuntu.com/community/Intel_iMac','2011-08-25 01:09:43','2011-08-25 01:09:43',3),(72,'越简单越好（俞敏洪）','越简单越好，这是一个谁都知道的真理：生活越简单越好，做人越简单越好，学习方法越简单越好。但是，在生活实践中，我们却往往把事情弄的越来越复杂，直到最后我们自己也没法处理，轰然倒地为止。不知不觉我们就陷入了各种生活的漩涡，纠缠于各种人事的纠纷，把我们的生存时空压得粉身碎骨，把我们的心灵蹂躏得鲜血淋淋，使我们再也无法想清楚一个最简单的事实：世界其实很简单。\r\n\r\n有一次，我的一个朋友来聊天，非常兴奋地告诉我，他经过精心研究，发现了英语学习的八大方法七十二窍门，并且一条一条掰开了揉碎了告诉我，我听了以后几乎笑掉了下巴。任何学生，只要想记住这些方法和窍门的名称就得花一个礼拜的时间。英语学习就是简单的语言学习，语言学习的方法就是反复模仿，除此之外别无它法。你什么时候见过一个三岁的孩子学习说话的时候先记住几大方法几大窍门的？只要正常的孩子，没有学不会说话的，他们所用的方法就是反复模仿和练习而已。\r\n\r\n我们都有这样的经验，在童年时期，我们记东西背东西都比较快，也比较容易记住。很多人认为那是小时候记忆力好的缘故。其实不是，成年人有了理解力，实际上记忆速度更快。那为什么反而记不住东西呢？因为我们已经被太多的世事所缠绕，已经心有杂念，因此不再能够专心致志，不能一心一意。我们已经失去了童年时代的纯真和对事物的好奇心，失去了反复做一件事情的不厌其烦的热情。我们经常以很快的速度学习一些东西，然后就把它们扔到一边，自以为已经掌握。结果是我们学了十几年英语，就象老熊掰棒子，掰了新的，扔了旧的。我们一辈子自以为读了很多书，最后却连书名都想不起来。而孩子们却在无意中抓住了学习的窍门，在短时间内让流畅的英文脱口而出。\r\n\r\n人的一辈子其实做不了太多事情，什么事情都想就等于什么事情都做不了。如果我们能把一件小事做到让自己满意的地步就已经很了不起，能做到尽善尽美的地步就更了不起。在我们的生活中最让人感动的日子总是那些一心一意为了一个目标而努力奋斗的日子，哪怕是为了一个卑微的目标而奋斗也是值得我们骄傲的，因为无数卑微的目标积累起来可能就是一个伟大的成就。金字塔也是由每一块石头累积而成的，每一块石头都是很简单的，而金字塔却是宏伟而永恒的。\r\n\r\n有人说我们的一辈子没法简单，因为社会很复杂。那么我们要不要参与和理解这个复杂的社会呢？当然要。我们降临人世就是为了来理解和参与这个社会的。逃避永远不是最好的方法。关键是我们在参与了复杂以后有没有能力还原成简单，最好能够达到“繁华落尽见真淳”的境界。苏东坡在谈论自己学禅的心得时说：他在学禅以前是看山是山，看水是水，学禅以后看山不是山，看水不是水，悟禅以后是看山还是山，看水还是水。\r\n\r\n其实，对于那些象苏东坡那样悟尽人间沧桑的人来说，做人很简单，做事也很简单。','2011-08-25 02:35:39','2011-08-25 02:43:51',1),(73,'test screencast','http://media.happypeter.org/happycasts/201108252153_test.mov','2011-08-25 13:45:59','2011-08-25 13:45:59',1),(74,'help, peter','The site akaedu.github.com is being build.\r\nI want to know how to read a .c file at the same folder with the page, and display the code on the page.\r\nhttp://akaedu.github.com/post/practice/0825/0825.html\r\nlike this, I want to display the 1.c on the page while not download.','2011-08-29 01:56:35','2011-08-29 01:56:35',5);
/*!40000 ALTER TABLE `posts` ENABLE KEYS */;
UNLOCK TABLES;

--
-- Table structure for table `schema_migrations`
--

DROP TABLE IF EXISTS `schema_migrations`;
/*!40101 SET @saved_cs_client     = @@character_set_client */;
/*!40101 SET character_set_client = utf8 */;
CREATE TABLE `schema_migrations` (
  `version` varchar(255) COLLATE utf8_unicode_ci NOT NULL,
  UNIQUE KEY `unique_schema_migrations` (`version`)
) ENGINE=InnoDB DEFAULT CHARSET=utf8 COLLATE=utf8_unicode_ci;
/*!40101 SET character_set_client = @saved_cs_client */;

--
-- Dumping data for table `schema_migrations`
--

LOCK TABLES `schema_migrations` WRITE;
/*!40000 ALTER TABLE `schema_migrations` DISABLE KEYS */;
INSERT INTO `schema_migrations` VALUES ('20110606091626'),('20110616084100'),('20110616140733'),('20110617085446'),('20110625022143'),('20110625022539'),('20110625090951'),('20110625091248'),('20110625140041'),('20110819022742');
/*!40000 ALTER TABLE `schema_migrations` ENABLE KEYS */;
UNLOCK TABLES;

--
-- Table structure for table `users`
--

DROP TABLE IF EXISTS `users`;
/*!40101 SET @saved_cs_client     = @@character_set_client */;
/*!40101 SET character_set_client = utf8 */;
CREATE TABLE `users` (
  `id` int(11) NOT NULL AUTO_INCREMENT,
  `email` varchar(255) COLLATE utf8_unicode_ci DEFAULT NULL,
  `password_hash` varchar(255) COLLATE utf8_unicode_ci DEFAULT NULL,
  `password_salt` varchar(255) COLLATE utf8_unicode_ci DEFAULT NULL,
  `created_at` datetime DEFAULT NULL,
  `updated_at` datetime DEFAULT NULL,
  `name` varchar(255) COLLATE utf8_unicode_ci DEFAULT NULL,
  `auth_token` varchar(255) COLLATE utf8_unicode_ci DEFAULT NULL,
  PRIMARY KEY (`id`)
) ENGINE=InnoDB AUTO_INCREMENT=50 DEFAULT CHARSET=utf8 COLLATE=utf8_unicode_ci;
/*!40101 SET character_set_client = @saved_cs_client */;

--
-- Dumping data for table `users`
--

LOCK TABLES `users` WRITE;
/*!40000 ALTER TABLE `users` DISABLE KEYS */;
INSERT INTO `users` VALUES (1,'happypeter1983@gmail.com','$2a$10$HbPM.x/Kof32haDR9ev0b.CU9QYCIvKzXIbV80MpLw2KSRiuOkkIe','$2a$10$HbPM.x/Kof32haDR9ev0b.','2011-06-29 02:17:38','2011-08-19 13:32:53','happypeter','sjtLukCU_mJ0tmUiEwMjzw'),(2,'lexuszhi1990@gmail.com','$2a$10$LM6/F3z0q5Z3nR//Zm2ygOa3kDfFgwZ4BpTd5wIMK7SSUa8vhW.GK','$2a$10$LM6/F3z0q5Z3nR//Zm2ygO','2011-06-30 05:39:55','2011-08-20 11:22:20','lexuszhi','Bby4Pcu_pvgerOhS5WTwlw'),(3,'billiecoder@gmail.com','$2a$10$FjbsQMrg.jRUWkUoRTDLNOY7mjsxwKu4iN9bY.9k3mJTa975yUeRq','$2a$10$FjbsQMrg.jRUWkUoRTDLNO','2011-07-01 08:10:19','2011-08-19 13:37:58','billie66','VV5CDhq9_eJl9IEANT25Sw'),(4,'cao_job@sina,cn','$2a$10$uoB9Kx8Q5YDHZSuhM3I4.ORjPpAc4BrVcWJnF4qwEjpu9vkAJ8gCW','$2a$10$uoB9Kx8Q5YDHZSuhM3I4.O','2011-07-02 03:12:24','2011-07-02 03:12:24','xianmengyu',NULL),(5,'ymqqqqdx@gmail.com','$2a$10$Iw00g4nxW4KdFgr0w./d/e73r2kY201Ei4SBRyycc3G66W2f6pCOq','$2a$10$Iw00g4nxW4KdFgr0w./d/e','2011-07-02 03:52:57','2011-08-29 01:48:46','ymqqqqdx','Yh82Hgz-nW-9vohnMZ3SjQ'),(6,'zybl880506@163.com','$2a$10$5jbfVkHs1N9HwcHVru2mP.EAVrOfR0Y3wPo.RX/fYpnbqSeVGRIOS','$2a$10$5jbfVkHs1N9HwcHVru2mP.','2011-07-03 13:06:40','2011-07-03 13:06:40','Moon_Li',NULL),(7,'navyzhou.gogogo@gmail.com','$2a$10$fMit8CnMval.gRfL7gG4rO3yOXRW8S37r3Gqsli2I2RxyLvETQXTq','$2a$10$fMit8CnMval.gRfL7gG4rO','2011-07-04 00:36:15','2011-08-26 07:57:40','navyzhou','w7Rvb1tgMDLW-URTAb7-dg'),(8,'lxy_1015@126.com','$2a$10$6S3JMEfZeONORY6JTW410ezg3UFjsZhpIKve0kC/javRzmdlCRkyy','$2a$10$6S3JMEfZeONORY6JTW410e','2011-07-04 00:52:38','2011-08-15 08:41:33','Lxy@happypeter',NULL),(9,'baiming0308@163.com','$2a$10$e5E5tdMmfqY/C35jMP5Bye9rDjGre/1pxqkLnG.84K9z0Yx39Nk86','$2a$10$e5E5tdMmfqY/C35jMP5Bye','2011-07-04 01:04:52','2011-07-04 01:04:52','baiming',NULL),(10,'imdxt1986@163.com','$2a$10$llN/3uJAEW0EJ.Y6nQG.Pu3fRN0X9uQHmQPkjgcyERlYeqHYpKTVa','$2a$10$llN/3uJAEW0EJ.Y6nQG.Pu','2011-07-04 01:10:23','2011-07-04 01:10:23','imdxt',NULL),(11,'86118@163.com','$2a$10$JmqMD8FJeTZGvvTzfFOdKuQAS/pphECegO5O334aL5EOmdE/MloK.','$2a$10$JmqMD8FJeTZGvvTzfFOdKu','2011-07-04 01:10:25','2011-07-04 01:10:25','Andforce',NULL),(12,'feixiangwoxin88@163.com','$2a$10$RlZRGLP8wEAw/g1VUuFc4OS4h9UFH83bSrbfjGab3jOpdN0fE1o4K','$2a$10$RlZRGLP8wEAw/g1VUuFc4O','2011-07-04 01:10:57','2011-07-04 01:10:57','胡胜杰',NULL),(13,'xianyuan998@163.COM','$2a$10$MA0a/ukP1QKNsvmJhG5UT.lmuqdR1NMfE/hUer6rtSoHnv4enYOEa','$2a$10$MA0a/ukP1QKNsvmJhG5UT.','2011-07-04 01:11:43','2011-07-04 01:11:43','zhangxianyuan',NULL),(14,'wenjiashe@126.com','$2a$10$zBCAGpN7KWehq.g5JrcIjOV8X7tA8KIZlHOAasgevuSGhn1F.8oWe','$2a$10$zBCAGpN7KWehq.g5JrcIjO','2011-07-05 11:38:49','2011-07-05 11:38:49','Dean_shishang',NULL),(15,'zczhangchen@163.com','$2a$10$YQHqFn9.uDkNznjOX/uPTuMTGVGsuogWReZRmVd./0DE92bqRmgCS','$2a$10$YQHqFn9.uDkNznjOX/uPTu','2011-07-07 03:44:32','2011-08-24 07:30:00','Alex Zhang','HyPbLPuaH_KEMtVj7FzjOA'),(16,'97shuai@163.com','$2a$10$KrDCmp3NtNUisAEGxyuPF.d.DgEMEaRJwzN7Ca/5Sc2f8nig5padW','$2a$10$KrDCmp3NtNUisAEGxyuPF.','2011-07-08 13:08:31','2011-07-08 13:08:31','zhaodsh',NULL),(17,'fu.liuwei@live.cn','$2a$10$rjSAlL/yUXAgWs9/vrnFPuLQyuPUBKUtqU349Npmw5fDooFs9F2Fy','$2a$10$rjSAlL/yUXAgWs9/vrnFPu','2011-07-08 13:40:00','2011-08-28 10:35:52','cj7','ro-GhYDxMYFVJZzjXSSR6w'),(18,'kongdy64@yahoo.com.cn','$2a$10$ugVH0WX30zZkRajyxS2M4Oy6HiaBdordJVSB5/.J8tMS0I/yU/qx.','$2a$10$ugVH0WX30zZkRajyxS2M4O','2011-07-08 14:50:17','2011-08-20 12:27:39','kongdy','Tw8qPWXq_-nG2DfN2l_GhQ'),(19,'yaomingyue906629@163.com','$2a$10$WMsBNX3qH5a5XvPahccbr.HYm4OJZB3xQnXwFS4/IsuUxg3eHkpz.','$2a$10$WMsBNX3qH5a5XvPahccbr.','2011-07-09 06:47:04','2011-07-09 06:47:04','yaomoon',NULL),(20,'sept_guo@163.com','$2a$10$WsqkPsJgMKtiaFs.xEiULupIVHYQK0lw6klYPBjp5eucksG1lnV62','$2a$10$WsqkPsJgMKtiaFs.xEiULu','2011-07-14 02:29:27','2011-07-18 02:28:10','sept.morn',NULL),(21,'az00000000@126.com','$2a$10$Au/lDq.ukYJlVbhN67E7Ye2Kcoogi7RbRg4jI.SyZqgWQnmrrYk8a','$2a$10$Au/lDq.ukYJlVbhN67E7Ye','2011-07-17 06:28:19','2011-08-20 07:54:28','perfectfoolish','9AhLmYTQ3HE1mzNC_mvTYQ'),(22,'gracezhangxun@gmail.com','$2a$10$xhEbSwuS/SCvAJYefZrWuOvjgnOFN6VZsVD3nlyEFuE/UxdGt4Z/G','$2a$10$xhEbSwuS/SCvAJYefZrWuO','2011-07-17 09:39:22','2011-07-17 09:39:22','zhangxun077',NULL),(23,'psjicfh@yeah.net','$2a$10$TdzFlJjcQQijF1uBAfrtPObH8Wy8bT8d2WkWPl3XmX2I7rIm.CG6i','$2a$10$TdzFlJjcQQijF1uBAfrtPO','2011-07-18 02:18:33','2011-07-18 02:18:33','psjicfh',NULL),(24,'wanggege_bb@163.com','$2a$10$JeeuzuCX5SN0DlbjeGXVN.JWdiU3y3LHPoXzyAfNnH0I6kHQ2tNPu','$2a$10$JeeuzuCX5SN0DlbjeGXVN.','2011-07-18 02:19:02','2011-07-18 02:19:02','wanggege',NULL),(25,'574647990@qq.com','$2a$10$0BZOhGPoh2F.L5fFHfjyRukDnZSdgV9O/G6mjpB2d8yURGI1.q05O','$2a$10$0BZOhGPoh2F.L5fFHfjyRu','2011-07-18 02:20:37','2011-07-18 02:20:37','liangnangu',NULL),(26,'454814890@qq.com','$2a$10$/UC.TzQn5MFlTfXzF07y5.OdrCfXAHjGylPNYLvsQmsu8sSQ6FugS','$2a$10$/UC.TzQn5MFlTfXzF07y5.','2011-07-18 02:21:45','2011-07-18 02:21:45','yanrr',NULL),(27,'370403679@163.com','$2a$10$j3Qft0HL.ZW.FCXyc8kz8Of4nZab1C2s1wNNpFulFMHNp3A7ZptT.','$2a$10$j3Qft0HL.ZW.FCXyc8kz8O','2011-07-18 02:23:01','2011-07-18 02:23:01','july-12',NULL),(28,'w99chongyang@qq.com','$2a$10$/3IA5WuH54mHm74.91A.7uItSlEje/11MJWDIulWe.PZ0cdsQFeN2','$2a$10$/3IA5WuH54mHm74.91A.7u','2011-07-18 02:23:56','2011-07-18 02:23:56','smalltree',NULL),(29,'panpan_563@163.com','$2a$10$iSEF7WrC0Dnwxv0o71JZ4usyatrECU4/y5oCJy/sZT7OTBJVowECC','$2a$10$iSEF7WrC0Dnwxv0o71JZ4u','2011-07-18 02:27:07','2011-07-18 02:27:07','panpan_563',NULL),(30,'308584349@163.com','$2a$10$s04MdDhWkj8.cIcCxAlbzOgC3iUT72/JAWOuuqQsdF20KqoOFnR1K','$2a$10$s04MdDhWkj8.cIcCxAlbzO','2011-07-18 02:27:25','2011-07-18 02:27:25','Jackson',NULL),(31,'zk306516@163.com','$2a$10$AFR9ejpjXURAkbmG.xJsRuOuUWE67PVSrd3eP2eTk4GwBmmcuLzSC','$2a$10$AFR9ejpjXURAkbmG.xJsRu','2011-07-18 02:34:01','2011-07-18 02:34:01','Usher ',NULL),(32,'593748946@qq.com','$2a$10$Ew7qrZhIDxi7c7dY7wgTneRqWiXIBeYSV.ozmDE3VvAf561Z.csz2','$2a$10$Ew7qrZhIDxi7c7dY7wgTne','2011-07-18 02:34:22','2011-07-18 02:34:22','lhhp',NULL),(33,'214653406@qq.com','$2a$10$vbD0WCyWmom6VxOYZKSHYe7bjcjdEotX/JEBBFokGosbID/E906/a','$2a$10$vbD0WCyWmom6VxOYZKSHYe','2011-07-19 09:01:29','2011-07-19 09:01:29','Tony',NULL),(34,'534529319@qq.com','$2a$10$HzTGHYpLU7KsKPRt10jmVuLQ4GIEcVQdMQ497mvM1.d0ZvWbxToGa','$2a$10$HzTGHYpLU7KsKPRt10jmVu','2011-07-20 09:41:42','2011-07-20 09:41:42','hao',NULL),(35,'534529319@qq.com','$2a$10$gtF/xo92dWBKECeNI34EfO.To11xFQ75zsh5hngLVV6R39LDIRr7y','$2a$10$gtF/xo92dWBKECeNI34EfO','2011-07-20 12:52:41','2011-07-20 12:52:41','kehao',NULL),(36,'guangwei0520@126.com','$2a$10$komQdPiEDIF2r6MNE3rIduy/rL/smq7Tv.V2A2H/XHG0GcNjQqIMu','$2a$10$komQdPiEDIF2r6MNE3rIdu','2011-07-22 01:55:40','2011-07-22 01:55:40','gwei',NULL),(37,'294086292@qq.com','$2a$10$/p2CN6YK1psSMZoToJOvA.H6Az1mVox06hQsmRcKZyD59QloTfs5e','$2a$10$/p2CN6YK1psSMZoToJOvA.','2011-07-23 16:05:02','2011-07-23 16:05:02','sjh',NULL),(38,'454814890@qq.com','$2a$10$T9TWcsgjsucYLc8HjDu9k.znNyCIbNLcBF319HEHEYoB41qpzSdKi','$2a$10$T9TWcsgjsucYLc8HjDu9k.','2011-07-27 11:22:33','2011-07-27 11:22:33','yrr',NULL),(39,'zhaoyonghao229@163.com','$2a$10$39XhhR3lUsIyYy9EkyqvyO45HFem2Yt1VSQ4y.6Y.qvloKvEbJ4w6','$2a$10$39XhhR3lUsIyYy9EkyqvyO','2011-07-29 00:59:25','2011-07-29 00:59:25','阿浩萧乔',NULL),(40,'lina02403@126.com',NULL,'$2a$10$ATWAjz86EofatpW6PnE1du','2011-07-29 13:32:27','2011-08-20 12:32:36','DinaLee','tFF8XpmQJ7S-nC-aqbQxEA'),(41,'osronzhai@139.com','$2a$10$jIKlQqT12b1VYlNQ0eKS8eDjIUw5P2Y/VzKTx9/l2t14N9ko2cJVq','$2a$10$jIKlQqT12b1VYlNQ0eKS8e','2011-08-07 02:12:04','2011-08-07 02:12:04','OrsonZhai',NULL),(42,'weiligang.512@163.com','$2a$10$OUGwOy1ZVely4dJf59KNcuzehWiQ0RAO3AExZAZBthSq9X0jJBfJK','$2a$10$OUGwOy1ZVely4dJf59KNcu','2011-08-07 03:25:45','2011-08-07 03:25:45','weiligang512',NULL),(43,'xiaochenshiwo2008@163.com','$2a$10$RZMWAwRXWTnJqVrlxXhO9e2DQxEPcsyOsYm6XyyFJTjH15fxae23S','$2a$10$RZMWAwRXWTnJqVrlxXhO9e','2011-08-08 01:00:08','2011-08-08 01:00:08','Juniorchen',NULL),(44,'jiesse@126.com','$2a$10$cteU0s5SOpS5LyO0u2ZOI.7UMN4cxXtVDvXJbSCMSzw0VaGqGEEFG','$2a$10$cteU0s5SOpS5LyO0u2ZOI.','2011-08-08 04:52:08','2011-08-26 06:38:45','jiesse','XWVWki20uI0fMt-AwX0HDw'),(45,'lostmysouls_2010@163.com','$2a$10$biOVUi1PaPj/un2qxF7i7uWegmCYz4fcre2V6vBzq7T5o.HRWXKXm','$2a$10$biOVUi1PaPj/un2qxF7i7u','2011-08-09 03:20:50','2011-08-09 03:20:50','lostmysouls',NULL),(46,'hat028@126.com','$2a$10$hU2UL0mWffutXULQvA4v2eMSLnX0J1.ruvXUySZA0/6BBDje0014a','$2a$10$hU2UL0mWffutXULQvA4v2e','2011-08-09 09:06:32','2011-08-24 09:31:31','HatHuang','O9wiKNIMrchgFUhFZNzyZA'),(47,'yuy375517＠126.com','$2a$10$MX6UlluvVhz.hizE0lIsiOqRULz3XnuVRRiDGuQwTPh00YqkG1HM6','$2a$10$MX6UlluvVhz.hizE0lIsiO','2011-08-10 06:40:09','2011-08-10 06:40:09','Itachilong',NULL),(48,'mystage123@126.com','$2a$10$970TetiBUSG79f9Tp4vV9OrrTtQnyg2mmjDm3zqn.RWm1TDQWpXPC','$2a$10$970TetiBUSG79f9Tp4vV9O','2011-08-15 00:18:47','2011-08-15 00:18:47','mystage123',NULL),(49,'gwlryy@gmail.com','$2a$10$SO9OM.a/pg.NpUCFgkVgsOjebGvgW0CzvkIxs03nZTEsuIvMIDCNu','$2a$10$SO9OM.a/pg.NpUCFgkVgsO','2011-08-15 05:54:46','2011-08-15 05:54:46','gwlryy',NULL);
/*!40000 ALTER TABLE `users` ENABLE KEYS */;
UNLOCK TABLES;
/*!40103 SET TIME_ZONE=@OLD_TIME_ZONE */;

/*!40101 SET SQL_MODE=@OLD_SQL_MODE */;
/*!40014 SET FOREIGN_KEY_CHECKS=@OLD_FOREIGN_KEY_CHECKS */;
/*!40014 SET UNIQUE_CHECKS=@OLD_UNIQUE_CHECKS */;
/*!40101 SET CHARACTER_SET_CLIENT=@OLD_CHARACTER_SET_CLIENT */;
/*!40101 SET CHARACTER_SET_RESULTS=@OLD_CHARACTER_SET_RESULTS */;
/*!40101 SET COLLATION_CONNECTION=@OLD_COLLATION_CONNECTION */;
/*!40111 SET SQL_NOTES=@OLD_SQL_NOTES */;

-- Dump completed on 2011-09-02  0:59:07
